date	colombo_stock_exchange	dhammika_perera	singer_sri_lanka	hayleys	jedb	kelani_valley	exports	tea_board	ceylon_tea	ceylon_tea	russia	sri_lankan_tea	green_tea	turkey	china_tea	tea_exports	hayleys	tea_export	lucille	company_act	indian_tea	max_value	kw_max	daily_news_vector_sum	high	low	close	open	trades	shares	turnover	high_1	low_1	close_1	open_1	trades_1	shares_1	turnover_1	impact	isImpacted
2017-01-24	0.54	0.0	0.0	0.47	-0.0	0.0	0.18	0.55	0.39	0.48	0.5	0.0	-0.0	0.25	0.0	-0.0	-0.47	0.0	-0.0	-0.0	0.0	0.55	tea board	3.4399999999999995	65.0	64.9	65.0	58.6	2.0	100.0	6499.0	8.33	8.17	10.92	0.0	100.0	2400.0	2607.92	8.2431	1.0
2017-01-26	0.28	0.25	0.0	0.47	-0.0	0.0	0.0	0.28	0.4	0.49	0.51	0.0	-0.26	0.13	0.88	-0.0	-0.47	0.0	-0.0	-0.0	0.0	0.88	china tea	3.84	65.0	54.1	65.0	65.0	2.0	3411.0	221704.1	0.0	-16.64	0.0	10.92	0.0	3311.0	3311.36	5.178	1.0
2017-01-31	0.38	0.25	0.0	0.33	-0.0	0.0	0.19	0.0	0.41	0.51	0.26	0.0	-0.0	0.4	0.0	-0.5	-0.33	0.0	-0.0	-0.47	0.0	0.51	ceylon tea	1.94	70.0	69.9	70.0	65.0	3.0	100.0	6999.0	7.69	29.21	7.69	0.0	50.0	-97.07	-96.84	8.2753	1.0
2017-02-01	0.18	0.47	0.0	0.15	-0.0	0.0	0.0	0.0	0.19	0.24	0.24	0.0	-1.0	0.0	0.0	-0.48	-0.15	0.0	-0.0	-0.0	0.0	-1.0	green tea	-1.1599999999999997	70.0	65.0	70.0	70.0	7.0	1925.0	134675.0	0.0	-7.01	0.0	7.69	133.33	1825.0	1824.2	3.7037	
2017-02-03	0.56	0.25	0.0	0.33	-0.0	0.0	0.19	0.29	0.21	0.25	0.26	0.33	-0.0	0.13	0.0	-0.5	-0.33	0.0	-0.0	-0.0	0.0	0.56	colombo stock exchange	2.53	54.0	54.0	70.0	70.0	1.0	1.0	54.0	-22.86	-16.92	0.0	0.0	-85.71	-99.95	-99.96	1.8182	
2017-02-06	0.57	0.5	0.0	0.16	-0.0	0.0	0.18	0.0	0.0	0.77	0.39	0.0	-0.54	0.0	0.0	-0.51	-0.16	0.54	-0.0	-0.47	0.0	0.77	ceylon tea	2.2	70.0	54.2	68.7	70.0	15.0	1425.0	91859.2	29.63	0.37	-1.86	0.0	1400.0	142400.0	170009.63	-1.3994	
2017-02-07	0.0	0.0	0.0	0.0	-0.0	0.0	0.0	0.28	0.19	0.24	0.5	0.32	-0.26	0.13	0.0	-0.0	-0.0	0.0	-0.0	-0.0	0.0	0.5	russia	1.9	69.9	69.9	69.9	68.7	2.0	101.0	7059.9	-0.14	28.97	1.75	-1.86	-86.67	-92.91	-92.31	0.3589	
2017-02-09	0.19	0.0	0.0	0.48	-0.0	0.0	0.18	0.0	0.0	0.0	0.39	0.0	-0.53	0.39	0.0	-0.0	-0.48	0.0	-0.0	-0.46	0.0	-0.53	green tea	-0.37	56.1	56.1	69.9	69.9	1.0	1.0	56.1	-19.74	-19.74	0.0	1.75	-50.0	-99.01	-99.21	0.395	
2017-02-13	0.18	0.24	0.0	0.0	-0.0	0.0	0.18	0.27	0.19	0.24	0.56	0.32	-0.26	0.13	0.0	-0.48	-0.0	0.51	-0.0	-0.0	0.0	0.56	russia	2.64	56.2	56.2	69.9	69.9	1.0	3.0	168.6	0.18	0.18	0.0	0.0	0.0	200.0	200.53	0.431	1.0
2017-02-14	0.71	0.0	0.0	0.15	-0.0	0.0	0.17	0.27	0.0	0.0	0.25	0.31	-0.25	0.12	0.0	-0.0	-0.15	0.0	-0.0	-0.0	0.0	0.71	colombo stock exchange	2.29	70.0	69.8	70.0	69.9	5.0	1929.0	134998.4	24.56	24.2	0.14	0.0	400.0	64200.0	79970.23	0.1073	
2017-02-15	0.73	0.0	0.0	0.16	-0.0	0.0	0.18	0.0	0.2	0.25	0.25	0.0	-0.26	0.26	0.0	-0.0	-0.16	0.0	-0.0	-0.0	0.0	0.73	colombo stock exchange	2.34	72.9	57.0	70.6	70.0	10.0	4613.0	325782.0	4.14	-18.34	0.86	0.14	100.0	139.14	141.32	0.7133	
2017-02-16	0.73	0.0	0.0	0.47	-0.0	0.0	0.36	0.27	0.0	0.0	0.12	0.32	-0.0	0.13	0.0	-0.48	-0.47	0.0	-0.0	-0.91	0.0	-0.91	company act	-0.3699999999999999	73.0	69.7	72.8	70.6	6.0	2886.0	210140.3	0.14	22.28	3.12	0.86	-40.0	-37.44	-35.5	2.7886	
2017-02-17	0.34	0.23	0.0	0.0	-0.0	0.0	0.0	0.26	0.0	0.0	0.12	0.0	-0.24	0.12	0.0	-0.0	-0.0	0.0	-0.0	-0.0	0.0	0.34	colombo stock exchange	1.1700000000000002	76.0	72.8	75.9	72.8	10.0	1946.0	147787.2	4.11	4.45	4.26	3.12	66.67	-32.57	-29.67	4.943	1.0
2017-02-20	0.19	0.0	0.0	0.32	-0.0	0.0	0.18	0.0	0.0	0.0	0.39	0.0	-0.53	0.39	0.0	-0.0	-0.32	0.0	-0.0	-0.46	0.0	-0.53	green tea	-0.37000000000000016	75.0	75.0	75.0	75.9	1.0	500.0	37500.0	-1.32	3.02	-1.19	4.26	-90.0	-74.31	-74.63	1.9368	
2017-02-23	0.18	0.24	0.0	0.16	-0.0	0.0	0.36	0.0	0.2	0.25	0.38	0.0	-0.26	0.38	0.0	-0.0	-0.16	0.0	-0.0	-0.45	0.0	-0.45	company act	0.8300000000000003	58.5	58.5	75.0	75.0	1.0	5.0	292.5	-22.0	-22.0	0.0	-1.19	0.0	-99.0	-99.22	0.4352	
2017-02-27	0.18	0.0	0.0	0.46	-0.0	0.0	0.0	0.27	0.0	0.96	0.25	0.0	-0.25	0.25	0.0	-0.0	-0.46	0.0	-0.0	-0.0	0.0	0.96	ceylon tea	2.62	60.1	60.0	75.0	75.0	3.0	12.0	720.6	2.74	2.56	0.0	0.0	200.0	140.0	146.36	-0.2991	
2017-02-28	0.27	0.24	0.0	0.15	-0.0	0.82	0.17	0.0	0.38	0.36	0.25	0.31	-0.0	0.12	0.0	-0.0	-0.15	0.5	-0.0	-0.0	0.0	0.82	kelani valley	4.24	58.7	58.7	75.0	75.0	2.0	23.0	1350.1	-2.33	-2.17	0.0	0.0	-33.33	91.67	87.36	0.0	
2017-03-01	0.43	0.91	0.0	0.29	-0.0	0.0	0.5	0.0	0.37	0.35	0.24	0.0	-0.73	0.0	0.0	-0.0	-0.29	0.0	-0.0	-0.43	0.0	0.91	dhammika perera	2.55	75.0	69.9	74.9	75.0	5.0	919.0	68858.8	27.77	19.08	-0.13	0.0	150.0	3895.65	5000.27	-0.1	
2017-03-06	0.17	0.23	0.0	0.0	-0.0	0.0	0.34	0.0	0.0	0.47	0.12	0.0	-0.5	0.12	0.0	-0.0	-0.0	0.0	-0.0	-0.0	0.0	-0.5	green tea	0.45	74.9	59.7	74.7	74.9	3.0	102.0	7624.6	-0.13	-14.59	-0.27	-0.13	-40.0	-88.9	-88.93	-0.267	
2017-03-21	0.71	0.24	0.0	0.31	-0.0	0.0	0.17	0.27	0.19	0.24	0.56	0.32	-0.25	0.25	0.0	-0.0	-0.31	0.51	-0.0	-0.0	0.0	0.71	colombo stock exchange	3.92	57.8	57.8	74.7	74.7	1.0	1.0	57.8	-22.83	-3.18	0.0	-0.27	-66.67	-99.02	-99.24	-0.1671	
2017-03-24	0.0	0.72	0.0	0.46	-0.0	0.0	0.7	0.27	0.0	0.24	0.81	0.0	-0.0	0.0	0.85	-0.0	-0.46	0.0	-0.0	-0.0	0.0	0.85	china tea	4.44	74.9	57.6	72.9	74.7	17.0	2144.0	148715.6	29.58	-0.35	-2.41	0.0	1600.0	214300.0	257193.43	-1.8843	
2017-03-27	0.17	0.22	0.0	0.58	-0.0	0.0	0.33	0.0	0.18	0.22	0.52	0.0	-0.0	0.0	0.0	-0.0	-0.58	0.0	-0.0	-0.41	0.0	-0.58	hayleys	0.6500000000000002	76.0	57.0	76.0	72.9	13.0	529.0	35681.8	1.47	-1.04	4.25	-2.41	-23.53	-75.33	-76.01	1.9108	
2017-03-28	0.15	0.0	0.0	0.27	-0.0	0.0	0.15	0.23	0.33	0.42	0.59	0.27	-0.0	0.11	0.0	-0.0	-0.27	0.0	-0.0	-0.0	0.0	0.59	russia	2.8399999999999994	77.0	76.0	76.7	76.0	2.0	301.0	23077.0	1.32	33.33	0.92	4.25	-84.62	-43.1	-35.33	2.1645	
2017-03-29	0.27	0.0	0.0	0.0	-0.0	0.0	0.18	0.0	0.2	0.24	0.25	0.0	-0.52	0.25	0.0	-0.0	-0.0	0.0	-0.0	-0.0	0.0	-0.52	green tea	0.3499999999999999	82.0	77.0	82.0	76.7	10.0	1251.0	100077.6	6.49	1.32	6.91	0.92	400.0	315.61	333.67	6.632	1.0
2017-04-05	0.27	0.24	0.0	0.47	-0.0	0.0	0.0	0.28	0.0	0.24	0.69	0.0	-0.26	0.13	0.0	-0.0	-0.47	0.0	-0.0	-0.0	0.0	0.69	russia	2.28	82.0	77.0	82.0	82.0	6.0	1000.0	81396.0	0.0	0.0	0.0	6.91	-40.0	-20.06	-18.67	3.568	
2017-04-11	0.2	0.0	0.0	0.0	-0.0	0.0	0.0	0.0	0.22	0.27	0.35	0.0	-0.0	0.29	0.0	-0.0	-0.0	0.0	-0.0	-0.51	0.0	-0.51	company act	0.31000000000000005	62.4	62.4	82.0	82.0	1.0	2.0	124.8	-23.9	-18.96	0.0	0.0	-83.33	-99.8	-99.85	1.6424	
2017-04-12	0.2	0.0	0.0	0.18	-0.0	0.0	0.2	0.0	0.44	0.55	0.57	0.0	-0.0	0.14	0.0	-0.0	-0.18	0.0	-0.0	-0.51	0.0	0.57	russia	2.16	81.9	81.9	82.0	82.0	2.0	51.0	4176.9	31.25	31.25	0.0	0.0	100.0	2450.0	3246.88	0.0	
2017-04-17	0.19	0.0	0.0	0.0	-0.0	0.0	0.0	0.0	0.0	0.76	0.32	0.0	-0.26	0.26	0.0	-0.5	-0.0	0.0	-0.98	-0.0	0.0	-0.98	Lucille	-1.19	81.9	81.9	82.0	82.0	2.0	70.0	5733.0	0.0	0.0	0.0	0.0	0.0	37.25	37.25	0.0	
2017-04-18	0.0	0.0	0.0	0.0	-0.0	0.0	0.18	0.27	0.19	0.24	0.37	0.31	-0.26	0.38	0.0	-0.0	-0.0	0.0	-0.0	-0.0	0.0	0.38	turkey	2.06	89.8	89.8	82.0	82.0	1.0	4.0	359.2	9.65	9.65	0.0	0.0	-50.0	-94.29	-93.73	0.0	
2017-04-19	0.35	0.0	0.0	0.45	-0.0	0.0	0.51	0.0	0.38	0.47	0.49	0.0	-0.5	0.49	0.0	-0.0	-0.45	0.0	-0.0	-0.43	0.0	0.51	exports	2.27	85.0	84.5	84.8	82.0	7.0	1605.0	136172.5	-5.35	-5.9	3.41	0.0	600.0	40025.0	37809.94	2.5393	
2017-04-20	0.35	0.0	0.0	0.3	-0.0	0.0	0.51	0.26	0.0	0.7	0.6	0.0	-0.25	0.0	0.0	-0.0	-0.3	0.5	-0.0	-0.0	0.0	0.7	ceylon tea	3.37	86.0	83.0	85.0	84.8	14.0	3600.0	306258.0	1.18	-1.78	0.24	3.41	100.0	124.3	124.9	1.8574	
2017-04-21	0.35	0.0	0.0	0.0	-0.0	0.0	0.35	0.0	0.0	0.24	0.8	0.0	-0.51	0.0	0.0	-0.0	-0.0	0.0	-0.0	-0.0	0.0	0.8	russia	2.03	89.6	84.9	85.8	85.0	6.0	1000.0	85839.6	4.19	2.29	0.94	0.24	-57.14	-72.22	-71.97	1.6588	
2017-04-25	0.44	0.24	0.0	0.15	-0.0	0.0	0.35	0.0	0.0	0.0	0.55	0.0	-0.25	0.5	0.0	-0.0	-0.15	0.0	-0.0	-0.44	0.0	0.55	russia	1.94	90.0	88.0	89.9	85.8	25.0	6205.0	554043.0	0.45	3.65	4.78	0.94	316.67	520.5	545.44	4.081	
2017-04-26	0.54	0.0	0.0	0.0	-0.0	0.0	0.18	0.0	0.19	0.24	0.25	0.32	-0.26	0.13	0.0	-0.0	-0.0	0.0	-0.0	-0.0	0.0	0.54	colombo stock exchange	2.13	90.0	87.6	89.3	89.9	7.0	3187.0	284454.6	0.0	-0.45	-0.67	4.78	-72.0	-48.64	-48.66	2.0571	
2017-04-27	0.18	0.47	0.0	0.3	-0.0	0.0	0.34	0.53	0.57	0.71	0.37	0.0	-0.25	0.12	0.0	-0.0	-0.3	0.0	-0.0	-0.0	0.0	0.71	ceylon tea	3.75	92.5	89.5	92.3	89.3	16.0	1920.0	176627.5	2.78	2.17	3.36	-0.67	128.57	-39.76	-37.91	3.3305	
2017-04-28	0.37	0.0	0.0	0.16	-0.0	0.0	0.36	0.0	0.0	0.0	0.64	0.32	-0.26	0.39	0.0	-0.0	-0.16	0.52	-0.0	-0.0	0.0	0.64	russia	2.9800000000000004	92.5	85.0	92.3	92.3	9.0	4434.0	408343.5	0.0	-5.03	0.0	3.36	-43.75	130.94	131.19	1.4843	
2017-05-03	0.36	0.0	0.0	0.31	-0.0	0.0	0.53	0.0	0.0	0.0	0.49	0.0	-0.0	0.25	0.0	-0.0	-0.31	0.0	-0.0	-0.0	0.0	0.53	exports	2.16	94.6	92.0	94.6	92.3	4.0	500.0	47294.8	2.27	8.24	2.49	0.0	-55.56	-88.72	-88.42	2.6866	1.0
2017-05-04	0.27	0.0	0.0	0.15	-0.0	0.0	0.0	0.27	0.0	0.0	0.37	0.0	-0.51	0.37	0.84	-0.0	-0.15	0.0	-0.0	-0.0	0.0	0.84	china tea	2.45	95.0	82.1	94.7	94.6	20.0	2704.0	253878.0	0.42	-10.76	0.11	2.49	400.0	440.8	436.8	1.3105	
2017-05-15	0.28	0.0	0.0	0.16	-0.0	0.88	0.0	0.0	0.2	0.25	0.33	0.0	-0.0	0.0	0.0	-0.0	-0.16	0.0	-0.0	-0.0	0.0	0.88	kelani valley	2.8200000000000003	95.0	80.0	94.0	94.7	20.0	7170.0	665865.6	0.0	-2.56	-0.74	0.11	0.0	165.16	162.28	0.1065	
2017-05-16	0.2	0.0	0.0	0.52	-0.0	0.0	0.39	0.3	0.43	0.41	0.28	0.0	-0.57	0.0	0.0	-0.0	-0.52	0.58	-0.0	-1.0	0.0	-1.0	company act	0.020000000000000014	94.0	94.0	94.0	94.0	1.0	100.0	9400.0	-1.05	17.5	0.0	-0.74	-95.0	-98.61	-98.59	-0.3446	
2017-05-17	0.4	0.0	0.0	0.52	-0.0	0.91	0.2	0.3	0.0	0.0	0.42	0.35	-0.0	0.0	0.0	-0.0	-0.52	0.0	-0.0	-0.0	0.0	0.91	kelani valley	3.49	97.2	94.0	96.0	94.0	10.0	3901.0	374093.8	3.4	0.0	2.13	0.0	900.0	3801.0	3879.72	1.3995	
2017-05-19	0.82	0.0	0.0	0.35	-0.0	0.0	0.4	0.31	0.0	0.28	0.28	0.36	-0.29	0.14	0.0	-0.0	-0.35	0.0	-0.0	-0.0	0.0	0.82	colombo stock exchange	3.12	97.0	96.0	97.0	96.0	8.0	3001.0	289655.0	-0.21	2.13	1.04	2.13	-20.0	-23.07	-22.57	1.8373	
2017-05-24	0.0	0.0	0.0	0.17	-0.0	0.0	0.2	0.0	0.0	0.0	0.21	0.35	-0.0	0.85	0.0	-0.0	-0.17	0.0	-0.0	-0.0	0.0	0.85	turkey	2.46	82.3	82.3	97.0	97.0	2.0	38.0	3127.4	-15.15	-14.27	0.0	1.04	-75.0	-98.73	-98.92	1.0417	
2017-05-26	1.0	0.0	0.0	0.17	-0.0	0.0	0.19	0.0	0.43	0.53	0.14	0.35	-0.0	0.42	0.0	-0.0	-0.17	0.0	-0.0	-0.0	0.0	1.0	colombo stock exchange	4.0600000000000005	90.0	85.5	97.0	97.0	7.0	42.0	3689.1	9.36	3.89	0.0	0.0	250.0	10.53	17.96	0.2584	
2017-05-29	0.21	0.0	0.0	0.18	-0.0	0.0	0.2	0.0	0.0	0.0	0.21	0.0	-0.29	0.0	0.0	-0.0	-0.18	0.0	-0.0	-0.51	0.0	-0.51	company act	-0.69	90.0	86.3	87.5	97.0	7.0	1773.0	157269.9	0.0	0.94	-9.79	0.0	0.0	4121.43	4163.1	-7.5297	1.0
2017-05-31	0.59	0.0	0.0	0.17	-0.0	0.0	0.0	0.0	0.0	0.0	0.55	0.0	-0.0	0.14	0.0	-0.0	-0.17	0.0	-0.0	-0.0	0.0	0.59	colombo stock exchange	1.87	88.1	88.1	87.5	87.5	2.0	25.0	2202.5	-2.11	2.09	0.0	-9.79	-71.43	-98.59	-98.6	-5.1491	1.0
2017-06-01	0.47	0.0	0.0	0.48	-0.0	0.0	0.18	0.29	0.0	0.0	0.39	0.0	-0.0	0.13	0.0	-0.0	-0.48	0.0	-0.0	-0.0	0.0	-0.48	hayleys	0.98	93.5	87.6	91.4	87.5	9.0	310.0	28336.0	6.13	-0.57	4.46	0.0	350.0	1140.0	1186.54	0.6054	
2017-06-02	0.0	0.26	0.0	0.33	-0.0	0.0	0.0	0.29	0.41	0.39	0.47	0.0	-0.55	0.13	0.0	-0.0	-0.33	0.0	-0.0	-0.0	0.0	-0.55	green tea	0.8499999999999999	93.7	87.6	93.6	91.4	6.0	540.0	50355.0	0.21	0.0	2.41	4.46	-33.33	74.19	77.71	4.0	
2017-06-05	0.29	0.0	0.0	0.17	-0.0	0.0	0.78	0.0	0.21	0.27	0.2	0.0	-0.0	0.28	0.0	-0.0	-0.17	0.0	-0.0	-0.0	0.0	0.78	exports	2.8100000000000005	94.5	86.0	94.1	93.6	9.0	1450.0	134042.6	0.85	-1.83	0.53	2.41	50.0	168.52	166.2	2.6732	
2017-06-07	0.19	0.26	0.0	0.17	-0.0	0.0	0.0	0.0	0.0	0.0	0.13	0.0	-0.28	0.0	0.0	-0.0	-0.17	0.0	-0.0	-0.48	0.0	-0.48	company act	-0.66	95.0	92.0	93.0	94.1	5.0	600.0	55779.6	0.53	6.98	-1.17	0.53	-44.44	-58.62	-58.39	-0.0269	
2017-06-09	0.79	0.0	0.0	0.17	-0.0	0.91	0.0	0.0	0.0	0.0	0.48	0.0	-0.85	0.0	0.0	-0.0	-0.17	0.0	-0.0	-0.0	0.0	0.91	kelani valley	2.24	94.9	92.0	93.5	93.0	15.0	4054.0	378919.6	-0.11	0.0	0.54	-1.17	200.0	575.67	579.32	-0.0534	
2017-06-15	0.39	0.0	0.0	0.16	-0.0	0.0	0.0	0.0	0.21	0.26	0.0	0.34	-0.0	0.27	0.0	-0.0	-0.16	0.0	-0.0	-0.0	0.0	0.39	colombo stock exchange	1.86	91.1	80.1	93.5	93.5	3.0	21.0	1694.1	-4.0	-12.93	0.0	0.54	-80.0	-99.48	-99.55	-0.0267	
2017-06-20	0.19	0.25	0.0	0.0	-0.0	0.0	0.0	0.29	0.0	0.26	0.33	0.0	-0.54	0.13	0.0	-0.0	-0.0	0.0	-0.0	-0.0	0.0	-0.54	green tea	0.3699999999999999	93.9	93.9	93.5	93.5	1.0	1.0	93.9	3.07	17.23	0.0	0.0	-66.67	-95.24	-94.46	0.1339	
2017-06-21	0.29	0.0	0.0	0.17	-0.0	0.0	0.19	0.0	0.0	0.26	0.67	0.0	-0.28	0.41	0.0	-0.0	-0.17	0.0	-0.0	-0.47	0.0	0.67	russia	1.7400000000000002	83.3	83.3	93.5	93.5	1.0	1.0	83.3	-11.29	-11.29	0.0	0.0	0.0	0.0	-11.29	0.0	
2017-06-22	0.76	0.0	0.0	0.33	-0.0	0.89	0.19	0.0	0.0	0.0	0.53	0.0	-0.27	0.13	0.0	-0.52	-0.33	0.56	-0.0	-0.48	0.0	0.89	kelani valley	2.68	93.8	84.5	92.5	93.5	9.0	811.0	74641.0	12.61	1.44	-1.07	0.0	800.0	81000.0	89505.04	-0.8043	
2017-06-27	0.0	0.28	0.0	0.0	-0.0	0.0	0.0	0.63	0.45	0.42	0.29	0.0	-0.59	0.14	0.97	-0.0	-0.0	0.0	-0.0	-0.51	0.0	0.97	china tea	3.05	91.9	85.2	91.5	92.5	39.0	4345.0	387932.2	-2.03	0.83	-1.08	-1.07	333.33	435.76	419.73	-1.3477	
2017-06-29	0.41	0.0	0.0	0.35	-0.0	0.0	1.0	0.31	0.0	0.0	0.64	0.36	-0.0	0.0	0.0	-0.0	-0.35	0.0	-0.0	-0.0	0.0	1.0	exports	3.72	90.9	80.0	90.1	91.5	49.0	6911.0	601897.6	-1.09	-6.1	-1.53	-1.08	25.64	59.06	55.16	-1.9587	
2017-06-30	0.3	0.0	0.0	0.34	-0.0	0.0	0.0	0.46	0.0	0.27	0.41	0.35	-0.0	0.14	0.0	-0.0	-0.34	0.0	-0.0	-0.0	0.0	0.46	tea board	2.39	90.0	85.0	86.4	90.1	22.0	16002.0	1382493.7	-0.99	6.25	-4.11	-1.53	-55.1	131.54	129.69	-4.1331	
2017-07-03	0.2	0.0	0.0	0.17	-0.0	0.0	0.0	0.3	0.0	0.27	0.41	0.35	-0.0	0.41	0.0	-0.0	-0.17	0.0	-0.0	-0.0	0.0	0.41	russia	2.35	89.9	86.4	89.8	86.4	16.0	1025.0	92076.6	-0.11	1.65	3.94	-4.11	-27.27	-93.59	-93.34	0.3913	
2017-07-06	0.48	0.0	0.0	0.0	-0.0	0.0	0.38	0.29	0.42	0.65	0.34	0.0	-0.0	0.0	0.0	-0.52	-0.0	0.0	-0.0	-0.0	0.0	0.65	ceylon tea	2.69	91.5	89.9	91.4	89.8	17.0	700.0	63329.9	1.78	4.05	1.78	3.94	6.25	-31.71	-31.22	2.2086	
2017-07-13	0.39	0.52	0.0	0.34	-0.0	0.0	0.19	0.6	0.21	0.26	0.27	0.0	-0.0	0.27	0.0	-0.0	-0.34	0.0	-0.0	-0.0	0.0	0.6	tea board	3.31	89.9	89.8	91.4	91.4	5.0	10.0	898.5	-1.75	-0.11	0.0	1.78	-70.59	-98.57	-98.58	1.8384	
2017-07-14	0.48	0.0	0.0	0.0	-0.0	0.0	0.0	0.0	0.42	0.52	0.33	0.0	-0.55	0.27	0.0	-0.0	-0.0	0.0	-0.0	-0.0	0.0	-0.55	green tea	0.92	92.0	89.9	90.8	91.4	7.0	1500.0	136145.0	2.34	0.11	-0.66	0.0	40.0	14900.0	15052.48	-0.055	
2017-07-18	0.47	0.0	0.0	0.0	-0.0	0.0	0.0	0.57	0.41	0.38	0.2	0.0	-0.27	0.13	0.89	-0.0	-0.0	0.0	-0.0	-0.0	0.0	0.89	china tea	3.67	91.9	89.4	91.0	90.8	18.0	953.0	85866.7	-0.11	-0.56	0.22	-0.66	157.14	-36.47	-36.93	-0.1646	
2017-07-20	0.29	0.26	0.0	0.17	-0.0	0.0	0.0	0.59	0.0	0.0	0.54	0.35	-0.55	0.27	0.0	-0.0	-0.17	0.0	-0.0	-0.95	0.0	-0.95	company act	-0.1499999999999999	85.3	85.3	91.0	91.0	1.0	1.0	85.3	-7.18	-4.59	0.0	0.22	-94.44	-99.9	-99.9	-0.0549	
2017-07-21	0.19	0.0	0.0	0.0	-0.0	0.0	0.0	0.0	0.21	0.26	0.27	0.34	-0.56	0.27	0.0	-0.0	-0.0	0.0	-0.0	-0.48	0.0	-0.56	green tea	-0.06000000000000005	85.7	85.7	91.0	91.0	2.0	20.0	1714.0	0.47	0.47	0.0	0.0	100.0	1900.0	1909.38	0.055	
2017-07-24	0.19	0.0	0.0	0.17	-0.0	0.0	0.58	0.3	0.0	0.26	0.34	0.34	-0.56	0.0	0.0	-0.0	-0.17	0.56	-0.0	-0.0	0.0	0.58	exports	2.59	85.6	85.6	91.0	91.0	3.0	23.0	1968.8	-0.12	-0.12	0.0	0.0	50.0	15.0	14.87	0.0	1.0
2017-07-27	0.19	0.0	0.0	0.32	-0.0	0.0	0.18	0.57	0.4	0.5	0.45	0.65	-0.53	0.39	0.0	-0.0	-0.32	0.53	-0.0	-0.45	0.0	0.65	sri lankan tea	3.53	85.5	85.0	91.0	91.0	7.0	70.0	5968.8	-0.12	-0.7	0.0	0.0	133.33	204.35	203.17	0.0	
2017-07-28	0.28	0.26	0.0	0.33	-0.0	0.0	0.0	0.0	0.62	0.51	0.26	0.0	-0.55	0.0	0.0	-0.0	-0.33	0.55	-0.0	-0.0	0.0	0.62	Ceylon Tea	2.55	86.1	86.0	86.0	91.0	8.0	5137.0	442094.7	0.7	1.18	-5.49	0.0	14.29	7238.57	7306.76	-4.1783	
2017-08-01	0.36	0.48	0.0	0.15	-0.0	0.0	0.0	0.28	0.19	0.24	0.31	0.0	-0.0	0.13	0.87	-0.0	-0.15	0.0	-0.0	-0.0	0.0	0.87	china tea	3.73	86.0	86.0	86.0	86.0	1.0	200.0	17200.0	-0.12	0.0	0.0	-5.49	-87.5	-96.11	-96.11	-2.8249	
2017-08-04	0.0	0.0	0.0	0.16	-0.0	0.0	0.18	0.29	0.0	0.0	0.39	0.0	-0.54	0.13	0.0	-0.0	-0.16	0.0	-0.0	-0.47	0.0	-0.54	green tea	-0.56	86.0	86.0	86.0	86.0	2.0	4502.0	387172.0	0.0	0.0	0.0	0.0	100.0	2151.0	2151.0	-1.4327	
2017-08-08	0.55	0.25	0.0	0.48	-0.0	0.0	0.0	0.56	0.4	0.5	0.19	0.0	-0.0	0.13	0.0	-0.0	-0.48	0.0	-0.0	-0.0	0.0	0.56	tea board	3.14	89.0	89.0	89.0	86.0	1.0	1000.0	89000.0	3.49	3.49	3.49	0.0	-50.0	-77.79	-77.01	2.5937	
2017-08-10	0.19	0.25	0.0	0.32	-0.0	0.86	0.0	0.0	0.2	0.25	0.39	0.33	-0.0	0.13	0.0	-0.5	-0.32	0.0	-0.0	-0.0	0.0	0.86	kelani valley	2.96	90.0	88.9	89.9	89.0	6.0	300.0	26972.6	1.12	-0.11	1.01	3.49	500.0	-70.0	-69.69	2.4793	
2017-08-14	0.36	0.0	0.0	0.32	-0.0	0.0	0.18	0.0	0.0	0.49	0.51	0.0	-0.0	0.0	0.0	-0.0	-0.32	0.0	-0.0	-0.45	0.0	0.51	russia	1.6	89.9	89.8	89.9	89.9	2.0	34.0	3055.9	-0.11	1.01	0.0	1.01	-66.67	-88.67	-88.67	1.3529	
2017-09-06	0.28	0.0	0.0	0.32	-0.0	0.0	0.0	0.0	0.0	0.51	0.46	0.0	-0.27	0.92	0.89	-0.0	-0.32	0.0	-0.0	-0.0	0.0	0.92	turkey	3.71	90.0	80.0	80.2	89.9	2.0	1734.0	139060.0	0.11	-10.91	-10.79	0.0	0.0	5000.0	4450.54	-8.0802	1.0
2017-09-07	0.28	0.0	0.0	0.0	-0.0	0.0	0.18	0.29	0.0	0.0	0.38	0.0	-0.27	0.52	0.0	-0.0	-0.0	0.0	-0.0	-0.46	0.0	0.52	turkey	1.44	85.0	80.1	84.7	80.2	6.0	517.0	43865.2	-5.56	0.12	5.61	-10.79	200.0	-70.18	-68.46	-1.7116	
2017-09-08	0.38	0.0	0.0	0.0	-0.0	0.0	0.37	0.58	0.21	0.26	0.39	0.67	-0.0	0.53	0.9	-0.0	-0.0	0.0	-0.0	-0.0	0.0	0.9	china tea	5.19	86.0	86.0	86.0	84.7	2.0	400.0	34400.0	1.18	7.37	1.53	5.61	-66.67	-22.63	-21.58	0.939	
2017-09-14	0.57	0.26	0.0	0.66	-0.0	0.0	0.56	0.0	0.0	0.0	0.4	0.0	-0.27	0.0	0.0	-0.0	-0.66	0.55	-0.0	-0.48	0.0	-0.66	hayleys	0.9300000000000004	80.2	80.2	86.0	86.0	1.0	8.0	641.6	-6.74	-6.74	0.0	1.53	-50.0	-98.0	-98.13	2.1075	
2017-09-15	0.19	1.0	0.0	0.16	-0.0	0.0	0.0	0.0	0.2	0.25	0.39	0.0	-0.0	0.0	0.0	-0.0	-0.16	0.0	-0.0	-0.47	0.0	1.0	dhammika perera	2.5600000000000005	86.0	85.9	86.0	86.0	7.0	2728.0	234607.2	7.23	7.11	0.0	0.0	600.0	34000.0	36465.96	0.3793	
2017-09-19	0.47	0.25	0.0	0.32	-0.98	0.0	0.55	0.29	0.0	0.26	0.58	0.0	-0.26	0.39	0.0	-0.0	-0.32	0.0	-0.0	-0.0	0.0	-0.98	JEDB	0.5700000000000001	86.0	84.0	85.9	86.0	6.0	1000.0	85370.0	0.0	-2.21	-0.12	0.0	-14.29	-63.34	-63.61	-0.0872	
2017-09-25	0.56	0.25	0.0	0.64	-0.0	0.0	0.37	0.28	0.0	0.25	0.58	0.0	-0.53	0.52	0.0	-0.0	-0.64	0.0	-0.0	-0.46	0.0	-0.64	hayleys	1.1800000000000002	85.9	80.0	85.9	85.9	5.0	5200.0	417383.0	-0.12	-4.76	0.0	-0.12	-16.67	420.0	388.91	-0.0582	
2017-09-27	0.62	0.0	0.0	0.0	-0.0	0.0	0.0	0.0	0.57	0.71	0.18	0.31	-0.0	0.25	0.0	-0.48	-0.0	0.0	-0.0	-0.0	0.0	0.71	ceylon tea	2.87	89.0	86.0	89.0	85.9	14.0	2503.0	220595.0	3.61	7.5	3.61	0.0	180.0	-51.87	-47.15	2.6528	
2017-09-28	0.69	0.0	0.0	0.0	-0.0	0.48	0.48	0.0	0.3	0.24	0.51	0.0	-0.0	0.48	0.0	-0.0	-0.0	0.0	-0.0	-0.33	0.0	0.69	colombo stock exchange	3.54	90.0	81.0	89.0	89.0	2.0	566.0	50346.0	1.12	-5.81	0.0	3.61	-85.71	-77.39	-77.18	1.7724	
2017-10-06	0.35	0.0	0.0	0.65	-0.0	0.0	0.25	0.0	0.3	0.25	0.26	0.34	-0.0	0.48	0.87	-0.0	-0.49	0.0	-0.0	-0.0	0.0	0.87	china tea	4.13	90.0	87.0	88.0	89.0	14.0	5025.0	445358.4	0.0	7.41	-1.12	0.0	600.0	787.81	784.6	0.0284	
2017-10-09	0.23	0.0	0.0	0.86	-0.0	0.0	0.24	0.0	0.0	0.0	0.32	0.0	-0.18	0.47	0.84	-0.0	-0.0	0.0	-0.0	-0.0	0.0	0.86	hayleys	3.64	88.0	87.9	88.0	88.0	4.0	1729.0	152150.0	-2.22	1.03	0.0	-1.12	-71.43	-65.59	-65.84	-0.565	
2017-10-13	0.33	0.07	0.0	0.21	-0.0	0.0	0.23	0.0	0.29	0.23	0.31	0.33	-0.18	0.3	0.0	-0.0	-0.0	0.0	-0.0	-0.0	0.0	0.33	colombo stock exchange	2.45	83.8	83.8	88.0	88.0	1.0	20.0	1676.0	-4.77	-4.66	0.0	0.0	-75.0	-98.84	-98.9	-0.2833	
2017-10-17	0.47	0.15	0.0	0.56	-0.0	0.0	0.0	0.0	0.31	0.25	0.4	0.34	-0.0	0.66	0.0	-0.0	-0.67	0.0	-0.0	-0.0	0.0	-0.67	Hayleys	1.8000000000000007	88.0	83.0	88.0	88.0	3.0	658.0	57113.9	5.01	-0.95	0.0	0.0	200.0	3190.0	3307.75	0.0	
2017-10-19	0.46	0.15	0.0	0.65	-0.0	0.0	0.74	0.0	0.75	0.98	0.59	0.33	-0.18	0.32	0.0	-0.0	-0.49	0.0	-0.0	-1.0	0.0	-1.0	company act	2.3	99.0	89.9	89.9	88.0	8.0	821.0	74354.9	12.5	8.31	2.16	0.0	166.67	24.77	30.19	1.6106	
2017-10-20	0.23	0.0	0.0	0.21	-0.0	0.0	0.24	0.32	0.3	0.24	0.32	0.0	-0.18	0.16	0.0	-0.0	-0.16	0.0	-0.0	-0.0	0.0	0.32	tea board	2.0	90.0	90.0	90.0	89.9	1.0	500.0	45000.0	-9.09	0.11	0.11	2.16	-87.5	-39.1	-39.48	1.152	
2017-10-25	0.24	0.07	0.0	0.0	-0.0	0.0	0.5	0.0	0.31	0.0	0.27	0.0	-0.0	0.0	0.0	-0.0	-0.0	0.0	-0.0	-0.34	0.0	0.5	exports	1.55	90.0	90.0	90.0	90.0	5.0	2838.0	255420.0	0.0	0.0	0.0	0.11	400.0	467.6	467.6	0.5868	
2017-10-26	0.45	0.14	0.0	0.53	-0.0	0.0	0.0	0.0	0.3	0.24	0.58	0.0	-0.18	0.16	0.0	-0.89	-0.64	0.86	-0.0	-0.0	0.0	-0.89	tea exports	0.6599999999999996	87.0	85.0	87.0	90.0	3.0	900.0	77500.0	-3.33	-5.56	-3.33	0.0	-40.0	-68.29	-69.66	-2.4937	
2017-10-27	0.7	0.14	0.0	0.44	-0.0	0.0	0.24	0.32	0.0	0.0	0.39	0.33	-0.0	0.32	0.0	-0.89	-0.16	0.86	-0.0	-0.0	0.0	-0.89	tea exports	1.7999999999999998	81.2	81.2	87.0	87.0	1.0	36.0	2923.2	-6.67	-4.47	0.0	-3.33	-66.67	-96.0	-96.23	-1.6949	
2017-10-31	0.81	0.07	0.0	0.33	-0.0	0.0	0.25	0.0	0.45	0.25	0.39	0.0	-0.19	0.32	0.0	-0.0	-0.16	0.0	-0.0	-0.0	0.0	0.81	colombo stock exchange	3.33	87.0	85.0	85.2	87.0	7.0	1100.0	93696.4	7.14	4.68	-2.07	0.0	600.0	2955.56	3105.27	-2.4055	
2017-11-07	0.23	0.0	0.0	0.33	-0.0	0.0	0.0	0.0	0.31	0.25	0.33	0.0	-0.19	0.82	0.0	-0.0	-0.33	0.89	-0.96	-0.33	0.0	-0.96	Lucille	0.3900000000000001	84.0	81.2	84.0	85.2	6.0	501.0	41521.3	-3.45	-4.47	-1.41	-2.07	-14.29	-54.45	-55.69	-2.0979	
2017-11-08	0.36	0.0	0.0	0.56	-0.0	0.0	0.5	0.67	0.31	0.25	0.2	0.0	-0.0	0.16	0.89	-0.0	-0.5	0.0	-0.0	-0.34	0.0	0.89	china tea	3.9500000000000006	85.0	85.0	84.0	84.0	1.0	10.0	850.0	1.19	4.68	0.0	-1.41	-83.33	-98.0	-97.95	-1.2346	1.0
2017-11-13	0.69	0.07	0.0	0.22	-0.0	0.0	0.49	0.0	0.3	0.25	0.32	0.0	-0.0	0.16	0.0	-0.0	-0.0	0.0	-0.0	-0.0	0.0	0.69	colombo stock exchange	3.19	84.0	82.6	84.0	84.0	3.0	56.0	4629.8	-1.18	-2.82	0.0	0.0	200.0	460.0	444.68	-0.3559	
2017-11-14	0.91	0.0	0.0	0.32	-0.0	0.0	0.24	0.97	0.3	0.24	0.32	0.0	-0.37	0.47	0.85	-0.0	-0.32	0.0	-0.0	-0.0	0.0	0.97	tea board	4.9	82.5	82.5	84.0	84.0	1.0	20.0	1650.0	-1.79	-0.12	0.0	0.0	-66.67	-64.29	-64.36	0.0	
2017-11-16	0.58	0.0	0.0	0.33	-0.0	0.0	0.37	0.0	0.0	0.0	0.59	0.0	-0.19	0.16	0.0	-0.0	-0.33	0.0	-0.0	-0.0	0.0	0.59	russia	2.1	94.0	88.0	84.0	84.0	3.0	10.0	907.0	13.94	6.67	0.0	0.0	200.0	-50.0	-45.03	0.0	
2017-11-17	0.47	0.0	0.0	0.44	-0.0	0.0	0.0	0.0	0.3	0.0	0.46	0.34	-0.19	0.32	0.0	-0.0	-0.33	0.0	-0.0	-0.33	0.0	0.47	colombo stock exchange	1.9499999999999995	85.0	80.0	85.0	84.0	4.0	2783.0	228140.0	-9.57	-9.09	1.19	0.0	33.33	27730.0	25053.25	0.8902	
2017-11-21	0.6	0.0	0.0	0.46	-0.0	0.0	0.26	0.0	0.47	0.26	0.41	0.35	-0.58	0.84	0.0	-0.0	-0.34	0.0	-0.0	-0.0	0.0	0.84	turkey	3.57	85.0	85.0	85.0	85.0	1.0	1.0	85.0	0.0	6.25	0.0	1.19	-75.0	-99.96	-99.96	0.5917	
2017-12-05	0.69	0.0	0.0	0.43	-0.0	0.0	0.36	0.32	0.0	0.0	0.32	0.0	-0.18	0.0	0.0	-0.0	-0.32	0.0	-0.0	-0.0	0.0	0.69	colombo stock exchange	2.31	80.0	80.0	85.0	85.0	1.0	10.0	800.0	-5.88	-5.88	0.0	0.0	0.0	900.0	841.18	0.295	
2017-12-12	0.58	0.0	0.0	0.22	-0.0	0.0	0.49	0.33	0.0	0.0	0.32	0.0	-0.19	0.64	0.0	-0.0	-0.16	0.0	-0.0	-0.0	0.0	0.64	turkey	2.87	82.0	70.0	82.0	85.0	4.0	1265.0	100523.5	2.5	-12.5	-3.53	0.0	300.0	12550.0	12465.44	-2.6706	
2017-12-20	0.23	0.14	0.0	0.21	-0.0	0.0	0.0	0.0	0.44	0.47	0.44	0.0	-0.18	0.15	0.0	-0.0	-0.16	0.0	-0.0	-0.0	0.0	0.47	ceylon tea	2.21	89.9	89.9	82.0	82.0	1.0	10.0	899.0	9.63	28.43	0.0	-3.53	-75.0	-99.21	-99.11	-1.7964	
2017-12-27	0.22	0.0	0.0	0.52	-0.0	0.0	0.0	0.0	0.57	0.47	0.25	0.0	-0.18	0.61	0.0	-0.0	-0.46	0.0	-0.0	-0.0	0.0	0.61	turkey	2.61	85.0	80.0	83.0	82.0	4.0	5954.0	485320.0	-5.45	-11.01	1.22	0.0	300.0	59440.0	53884.43	0.0	
2017-12-28	0.23	0.0	0.0	0.33	-0.0	0.0	0.25	0.0	0.0	0.0	0.13	0.34	-0.0	0.32	0.0	-0.0	-0.33	0.0	-0.0	-0.33	0.0	0.34	sri lankan tea	1.28	95.0	89.8	90.4	83.0	11.0	582.0	52623.5	11.76	12.25	8.92	1.22	175.0	-90.23	-89.16	7.1725	1.0
2018-01-09	0.35	0.15	0.0	0.55	-0.0	0.0	0.0	0.0	0.0	0.0	0.4	0.34	-0.37	0.96	0.0	-0.0	-0.49	0.0	-0.0	-0.0	0.0	0.96	turkey	2.85	73.2	73.2	90.4	90.4	2.0	6.0	439.2	-22.95	-18.49	0.0	8.92	-81.82	-98.97	-99.17	4.5691	
2018-01-22	0.48	0.07	0.0	0.45	-0.0	0.0	1.0	0.33	0.31	0.25	0.0	0.0	-0.0	0.16	0.0	-0.0	-0.17	0.0	-0.0	-0.0	0.0	1.0	exports	3.88	71.2	71.2	90.4	90.4	1.0	1.0	71.2	-2.73	-2.73	0.0	0.0	-50.0	-83.33	-83.79	2.0892	
2018-01-24	0.23	0.0	0.0	0.44	-0.0	0.0	0.62	0.33	0.3	0.0	0.26	0.0	-0.56	0.32	0.0	-0.0	-0.49	0.0	-0.0	-0.33	0.0	0.62	exports	1.7399999999999998	87.0	85.0	90.4	90.4	4.0	4.0	346.0	22.19	19.38	0.0	0.0	300.0	300.0	385.96	0.0	
2018-01-29	0.35	0.0	0.0	0.0	-0.0	0.0	0.5	0.66	0.0	0.0	0.53	0.0	-0.0	0.0	0.0	-0.0	-0.0	0.0	-0.0	-0.0	0.0	0.66	tea board	2.7	90.4	77.5	90.0	90.4	12.0	5605.0	484406.7	3.91	-8.82	-0.44	0.0	200.0	140025.0	139901.94	-0.3322	
2018-02-02	0.45	0.0	0.0	0.42	-0.0	0.0	0.0	0.0	0.29	0.0	0.19	0.0	-0.18	0.31	0.0	-0.0	-0.31	0.0	-0.0	-0.0	0.0	0.45	colombo stock exchange	1.62	79.2	79.2	90.0	90.0	1.0	3.0	237.6	-12.39	2.19	0.0	-0.44	-91.67	-99.95	-99.95	-0.2217	
2018-02-09	0.0	0.0	0.0	0.41	-0.0	0.46	0.23	0.62	1.0	0.94	0.31	0.32	-0.35	0.3	0.0	-0.0	-0.46	0.83	-0.0	-0.0	0.0	1.0	Ceylon Tea	5.61	100.0	90.0	90.0	90.0	13.0	3003.0	270289.0	26.26	13.64	0.0	0.0	1200.0	100000.0	113658.0	-0.111	
2018-02-12	0.44	0.0	0.0	0.52	-0.0	0.0	0.35	0.0	0.58	0.48	0.5	0.0	-0.0	0.15	0.0	-0.0	-0.31	0.0	-0.0	-0.32	0.0	0.58	Ceylon Tea	2.97	80.1	80.0	80.0	90.0	2.0	500.0	40000.4	-19.9	-11.11	-11.11	0.0	-84.62	-83.35	-85.2	-8.5714	1.0
2018-02-15	0.76	0.55	0.0	0.21	-0.0	0.45	0.58	0.31	0.0	0.0	0.37	0.0	-0.0	0.15	0.0	-0.0	-0.0	0.0	-0.0	-0.0	0.0	0.76	colombo stock exchange	4.14	83.6	80.0	80.0	80.0	30.0	9504.0	768365.4	4.37	0.0	0.0	-11.11	1400.0	1800.8	1820.89	-5.8824	1.0
2018-02-20	0.68	0.43	0.0	0.43	-0.0	0.0	0.24	0.0	0.3	0.24	0.26	0.0	-0.0	0.47	0.0	-0.0	-0.32	0.0	-0.0	-0.0	0.0	0.68	colombo stock exchange	3.41	71.3	71.3	80.0	80.0	1.0	3.0	213.9	-14.71	-10.88	0.0	0.0	-96.67	-99.97	-99.97	-3.0303	
2018-02-21	0.45	0.57	0.0	0.42	-0.0	0.0	0.24	0.0	0.45	0.24	0.58	0.0	-0.55	0.31	0.0	-0.0	-0.32	0.0	-0.0	-0.0	0.0	0.58	russia	2.97	83.5	72.1	83.5	80.0	4.0	300.0	23901.0	17.11	1.12	4.37	0.0	300.0	9900.0	11073.91	3.2457	
2018-03-09	0.24	0.07	0.0	0.22	-0.0	0.0	0.0	0.0	0.46	0.51	0.2	0.34	-0.38	0.16	0.0	-0.0	-0.0	0.89	-0.0	-0.0	0.0	0.89	tea export	3.6	79.9	79.9	83.5	83.5	1.0	4.0	319.6	-4.31	10.82	0.0	4.37	-75.0	-98.67	-98.66	2.1407	
2018-03-12	0.23	0.0	0.0	0.43	-0.0	0.0	0.36	0.0	0.3	0.24	0.58	0.0	-0.18	0.47	0.0	-0.0	-0.48	0.0	-0.0	-0.0	0.0	0.58	russia	2.53	72.4	72.4	83.5	83.5	1.0	1.0	72.4	-9.39	-9.39	0.0	0.0	0.0	-75.0	-77.35	1.059	
2018-03-13	0.61	0.23	0.0	0.46	-0.0	0.0	0.39	0.0	0.63	0.51	0.14	0.0	-0.0	0.67	0.0	-0.0	-0.17	0.0	-0.0	-0.0	0.0	0.67	turkey	4.1400000000000015	79.9	79.9	83.5	83.5	1.0	1.0	79.9	10.36	10.36	0.0	0.0	0.0	0.0	10.36	0.0	
2018-03-14	0.49	0.15	0.0	0.46	-0.0	0.0	0.52	0.0	0.32	0.26	0.48	0.0	-0.2	0.34	0.0	-0.0	-0.0	0.0	-0.0	-0.0	0.0	0.52	exports	3.3400000000000003	80.0	80.0	80.0	83.5	7.0	2150.0	172000.0	0.13	0.13	-4.19	0.0	600.0	214900.0	215169.09	-3.177	
2018-03-16	0.0	0.07	0.0	0.33	-0.0	0.0	0.25	0.66	0.3	0.25	0.33	0.0	-0.19	0.48	0.0	-0.0	-0.33	0.0	-0.0	-0.33	0.0	0.66	tea board	2.48	73.3	73.1	80.0	80.0	2.0	11.0	804.3	-8.38	-8.63	0.0	-4.19	-71.43	-99.49	-99.53	-2.1407	
2018-03-19	0.49	0.0	0.0	0.69	-0.0	0.0	0.26	0.35	0.32	0.0	0.76	0.0	-0.39	0.68	0.0	-0.0	-0.34	0.0	-0.0	-0.0	0.0	0.76	russia	3.58	78.0	78.0	80.0	80.0	4.0	4.0	312.0	6.41	6.7	0.0	0.0	100.0	-63.64	-61.21	-1.0819	
2018-03-20	0.47	0.15	0.0	0.45	-0.0	0.0	0.0	0.33	0.3	0.25	0.6	0.0	-0.0	0.16	0.0	-0.0	-0.0	0.0	-0.0	-0.0	0.0	0.6	russia	3.31	79.9	78.0	80.0	80.0	4.0	5.0	391.9	2.44	0.0	0.0	0.0	0.0	25.0	25.61	0.0	
2018-03-29	0.23	0.07	0.0	0.32	-0.0	0.0	0.48	0.0	0.6	0.74	0.45	0.0	-0.37	0.16	0.0	-0.0	-0.16	0.0	-0.0	-0.0	0.0	0.74	ceylon tea	3.26	62.1	62.1	80.0	80.0	1.0	1.0	62.1	-22.28	-20.38	0.0	0.0	-75.0	-80.0	-84.15	0.0	
