date,high,low,close,open,trades,shares,turnover,
2013-01-04,33.5,31,33.1,33.1,26,"2,183","70,380.50",
2013-01-07,33.5,33.5,33.5,33.1,1,100,"3,350.00",
2013-01-08,36.5,32,34.9,33.5,20,"17,271","584,818.50",
2013-01-09,38,35,35.1,34.9,23,"11,910","419,416.90",
2013-01-10,37,35.5,36.9,35.1,4,"1,500","55,340.00",
2013-01-11,36,33,34.3,36.9,6,627,"20,971.60",
2013-01-15,35,33.7,35,34.3,4,543,"18,449.10",
2013-01-16,37,33,35.5,35,14,"2,017","71,369.00",
2013-01-17,36.5,35,35,35.5,8,"9,072","319,120.00",
2013-01-18,35,35,35,35,6,366,"12,810.00",
2013-01-21,35.8,34,34,35,9,"1,032","35,134.80",
2013-01-22,33.5,33.1,33.1,34,11,774,"25,623.40",
2013-01-23,35.9,33,34.9,33.1,6,400,"13,972.70",
2013-01-28,32.5,32.2,32.5,34.9,3,180,"5,826.00",
2013-01-29,30.6,30.6,30.6,32.5,1,166,"5,079.60",
2013-01-30,34,34,34,30.6,1,50,"1,700.00",
2013-01-31,34,30.8,32.1,34,4,"2,864","91,805.20",
2013-02-05,32,32,32,32.1,2,101,"3,232.00",
2013-02-06,33.9,32,33.7,32,6,643,"21,443.80",
2013-02-07,34,32,32,33.7,6,265,"8,670.20",
2013-02-08,36.9,34,34,32,3,400,"14,470.00",
2013-02-11,34.1,34.1,34.1,34,1,10,341,
2013-02-12,34,32,32.9,34.1,8,488,"15,829.30",
2013-02-13,33.9,32,33.1,32.9,4,200,"6,590.00",
2013-02-14,32,32,32,33.1,1,40,"1,280.00",
2013-02-15,33,32.9,32.9,32,5,600,"19,786.00",
2013-02-18,32.5,32,32,32.9,16,"3,305","105,780.00",
2013-02-19,31.8,31.7,31.7,32,3,34,"1,081.10",
2013-02-20,32,31.6,31.8,31.7,6,"1,271","40,363.60",
2013-02-21,33.9,33.9,33.9,31.8,4,20,678,
2013-02-22,33.7,31.6,31.9,33.9,3,214,"6,846.60",
2013-02-26,31.6,31.5,31.5,31.9,2,100,"3,151.80",
2013-02-27,33.3,31,33.2,31.5,4,293,"9,482.00",
2013-03-01,33.4,31.2,33.4,33.2,11,607,"19,686.30",
2013-03-04,32,32,32,33.4,9,"4,000","128,000.00",
2013-03-06,34,30.1,33.4,32,19,"4,150","136,839.50",
2013-03-08,36,32,34.8,33.4,21,"291,550","10,203,256.40",
2013-03-11,35.5,34.5,34.7,34.8,5,900,"31,213.00",
2013-03-12,35.4,31.7,35.4,34.7,3,101,"3,571.60",
2013-03-14,36.5,32.5,35,35.4,17,"277,652","9,717,182.60",
2013-03-15,36.3,35,36,35,3,500,"18,020.00",
2013-03-18,38,34,34,36,14,"1,900","68,157.50",
2013-03-19,35,35,35,34,4,"1,000","35,000.00",
2013-03-22,34.9,33,34.1,35,8,704,"23,893.90",
2013-03-27,34.9,33.3,33.9,34.1,8,"1,100","37,260.40",
2013-03-28,35,32.5,34.7,33.9,18,"8,275","279,958.30",
2013-04-02,34.9,31.5,32.1,34.7,12,"3,995","128,051.60",
2013-04-03,35,34.8,34.8,32.1,7,"4,106","142,983.80",
2013-04-04,36,34.5,34.8,34.8,4,"1,500","52,258.00",
2013-04-05,36.5,35.8,36,34.8,16,"5,690","204,522.90",
2013-04-08,36.5,36,36.2,36,2,300,"10,850.00",
2013-04-09,34.5,33.5,34.4,36.2,2,220,"7,570.00",
2013-04-10,33,33,33,34.4,1,100,"3,300.00",
2013-04-11,34.2,32.8,33.1,33,5,332,"10,985.80",
2013-04-12,35.9,33,35.4,33.1,8,"3,092","109,294.30",
2013-04-16,37,37,37,35.4,1,1,37,
2013-04-17,38,34.5,34.6,37,10,"2,965","109,277.80",
2013-04-18,37.4,36,37.1,34.6,6,704,"26,124.00",
2013-04-19,37,37,37,37.1,3,6,222,
2013-04-22,36,34.5,35,37,14,"2,214","76,903.10",
2013-04-23,36.5,35.2,35.8,35,9,"1,445","51,483.00",
2013-04-24,36.5,36.5,36.5,35.8,1,200,"7,300.00",
2013-04-26,37,33.1,37,36.5,7,"3,802","138,812.30",
2013-04-29,36.9,33.4,35.1,37,14,"1,512","53,103.00",
2013-05-02,37,35.9,36.2,35.1,11,"1,400","50,772.60",
2013-05-03,38.5,36.5,38.1,36.2,13,"2,600","97,309.10",
2013-05-06,38.4,36,37,38.1,6,702,"26,671.00",
2013-05-07,38.5,36,38,37,10,"10,551","400,831.40",
2013-05-08,38,35,37.1,38,9,"1,392","51,615.50",
2013-05-10,37.8,36.2,37.1,37.1,7,313,"11,795.20",
2013-05-14,36.5,36,36,37.1,3,366,"13,309.00",
2013-05-15,37.8,36.1,37,36,9,900,"33,323.70",
2013-05-16,36.1,36,36,37,4,640,"23,050.00",
2013-05-17,38,35.7,37.2,36,25,"19,660","721,806.00",
2013-05-20,37.8,36.1,36.2,37.2,3,"1,402","50,782.20",
2013-05-21,36.6,36.5,36.6,36.2,3,398,"14,547.00",
2013-05-22,36.5,36.5,36.5,36.6,2,"1,102","40,223.00",
2013-05-23,37.5,36,36.6,36.5,7,"1,166","42,691.00",
2013-05-27,36.5,36,36,36.6,4,"1,102","39,681.40",
2013-05-28,37.5,36,36.6,36,8,828,"29,952.00",
2013-05-30,37,36.9,36.9,36.6,3,13,480.1,
2013-06-03,37.5,34.3,36.5,36.9,29,"4,097","149,999.20",
2013-06-04,37.4,36,37.4,36.5,6,202,"7,404.80",
2013-06-05,37.5,35.2,35.4,37.4,6,305,"11,008.30",
2013-06-06,37,34.1,37,35.4,17,833,"29,734.80",
2013-06-07,36,35.4,35.5,37,4,12,426,
2013-06-10,36,35,35.5,35.5,23,"2,813","99,082.00",
2013-06-11,36,30.6,34.5,35.5,16,"1,083","37,654.00",
2013-06-12,35.9,31.6,35,34.5,10,"1,059","35,663.40",
2013-06-13,35.9,32.8,32.9,35,4,103,"3,387.70",
2013-06-14,35,34.1,34.3,32.9,6,300,"10,291.00",
2013-06-17,34.4,34,34.3,34.3,8,163,"5,567.00",
2013-06-18,34.3,33.5,33.6,34.3,10,348,"11,757.60",
2013-06-19,34.3,33.5,33.9,33.6,6,293,"9,929.80",
2013-06-20,34.3,32,34.2,33.9,13,345,"11,519.10",
2013-06-21,34.2,32.2,32.4,34.2,6,112,"3,634.40",
2013-06-24,33.9,32.3,33.1,32.4,7,74,"2,457.10",
2013-06-25,33,33,33,33.1,2,2,66,
2013-06-26,33,32.9,33,33,5,"1,530","50,487.00",
2013-06-27,33.9,32.2,33.7,33,10,889,"29,880.20",
2013-07-01,32.1,32,32.1,33.7,8,"1,490","47,732.00",
2013-07-02,32.9,32.9,32.9,32.1,10,"11,101","365,222.90",
2013-07-03,34.8,34.8,34.8,32.9,1,1,34.8,
2013-07-04,32,31,31.8,34.8,3,600,"19,100.00",
2013-07-08,32,30,32,31.8,4,"1,010","32,109.00",
2013-07-09,31.9,30.2,31.8,32,11,"2,700","85,923.20",
2013-07-10,30.3,30.3,30.3,31.8,3,3,90.9,
2013-07-11,32.1,32,32.1,30.3,3,50,"1,604.70",
2013-07-12,30.5,30.4,30.5,32.1,3,105,"3,201.50",
2013-07-15,30.5,30.3,30.5,30.5,7,505,"15,382.50",
2013-07-17,30.1,30.1,30.1,30.5,2,269,"8,096.90",
2013-07-18,31.4,30.1,31.4,30.1,5,155,"4,737.00",
2013-07-19,32.7,31,32.7,31.4,10,621,"19,667.60",
2013-07-23,34.5,32.6,34.5,32.7,5,"1,000","33,691.00",
2013-07-24,34.5,31.5,34.1,34.5,13,"1,209","40,719.00",
2013-07-25,32,31.2,31.4,34.1,2,100,"3,136.00",
2013-07-26,34.5,32.9,34.5,31.4,4,501,"16,546.50",
2013-07-29,34.9,32.2,34.9,34.5,3,151,"5,267.20",
2013-07-30,34.8,32.1,33,34.9,9,401,"13,247.80",
2013-07-31,32.2,32,32.1,33,10,700,"22,455.20",
2013-08-06,33.8,31,33.8,32.1,11,230,"7,698.90",
2013-08-07,33.6,31.3,33.6,33.8,7,110,"3,691.40",
2013-08-08,34,32,34,33.6,9,"2,301","76,201.60",
2013-08-13,33.5,31.5,33.5,34,2,105,"3,507.50",
2013-08-14,33.4,31.5,32.1,33.5,6,210,"6,684.00",
2013-08-15,33.3,33,33.3,32.1,7,"1,566","52,106.10",
2013-08-16,32,32,32,33.3,2,266,"8,512.00",
2013-08-19,33.3,31.9,32.3,32,16,609,"19,808.20",
2013-08-28,32,30.2,32,32.3,4,122,"3,867.40",
2013-08-29,33,31,32.2,32,4,300,"9,659.00",
2013-08-30,32.5,30,30,32.2,6,702,"22,062.50",
2013-09-02,30,30,30,30,1,2,60,
2013-09-04,29,29,29,30,3,95,"2,755.00",
2013-09-05,33,30,32.3,29,7,500,"16,155.60",
2013-09-10,32.9,29,29,32.3,19,"5,312","154,763.50",
2013-09-11,30.5,28.6,29.9,29,9,"1,199","35,964.90",
2013-09-12,31.5,30,30.8,29.9,6,"1,524","46,399.20",
2013-09-13,31,31,31,30.8,1,8,248,
2013-09-16,31,28.9,31,31,3,104,"3,216.00",
2013-09-18,35,31,32,31,10,"16,000","511,789.00",
2013-09-20,35,33.9,34.8,32,11,"9,000","313,179.00",
2013-09-25,35,34,34.6,34.8,9,"1,000","34,637.00",
2013-09-26,36,32.3,35.8,34.6,15,"10,338","362,803.00",
2013-09-27,36,31.7,35.7,35.8,13,"1,232","43,015.20",
2013-09-30,35,31.1,35,35.7,10,"2,312","78,907.70",
2013-10-02,36,31.7,35.5,35,11,"2,080","72,686.00",
2013-10-03,36,32.7,35.7,35.5,4,302,"10,835.40",
2013-10-04,39,33.2,36.7,35.7,38,"14,095","510,133.10",
2013-10-07,38.4,37.9,38,36.7,5,202,"7,687.70",
2013-10-08,37.9,37.9,37.9,38,1,2,75.8,
2013-10-09,38,34.8,37.8,37.9,24,"12,303","464,860.50",
2013-10-10,37.8,35,37.8,37.8,2,602,"22,750.00",
2013-10-11,37.7,35.1,36.2,37.8,11,"1,303","47,220.10",
2013-10-14,36,35.2,35.9,36.2,2,277,"9,950.40",
2013-10-15,37.4,37.4,37.4,35.9,1,1,37.4,
2013-10-17,37.7,35,36.1,37.4,22,"4,149","149,808.50",
2013-10-21,36.8,35.3,36,36.1,8,688,"24,486.80",
2013-10-22,36,34.2,35.1,36,13,"1,220","42,840.40",
2013-10-23,36.9,34.4,35.5,35.1,12,640,"22,737.30",
2013-10-24,37.5,35.5,37,35.5,15,"2,939","108,782.80",
2013-10-25,40,36,36,37,11,"7,300","271,070.60",
2013-10-28,38.9,38.9,38.9,36,1,100,"3,890.00",
2013-10-31,38.8,35.1,38,38.9,22,"2,515","93,222.40",
2013-11-01,38.5,36.4,38.5,38,2,5,184.1,
2013-11-04,38.4,35.6,38.3,38.5,7,419,"15,729.80",
2013-11-05,36.1,35.6,36.1,38.3,3,284,"10,160.40",
2013-11-06,38.1,37.7,37.9,36.1,2,200,"7,580.00",
2013-11-07,38.9,38.1,38.4,37.9,7,400,"15,358.40",
2013-11-12,38.1,35.3,36.7,38.4,5,364,"13,353.60",
2013-11-13,38.2,36,38.2,36.7,4,330,"12,166.00",
2013-11-14,38,35.8,37.6,38.2,10,"1,100","40,970.00",
2013-11-15,37.5,36.1,37.5,37.6,3,289,"10,582.90",
2013-11-18,36.5,36,36.1,37.5,12,907,"32,709.00",
2013-11-19,38.5,37,37.7,36.1,10,"1,300","48,968.50",
2013-11-21,38.4,35.6,38.3,37.7,9,962,"35,770.20",
2013-11-22,38.3,36,36.5,38.3,13,"1,601","58,306.00",
2013-11-25,38.4,36,37.4,36.5,9,"2,281","85,267.90",
2013-11-26,40,35.9,39.8,37.4,34,"13,984","540,787.40",
2013-11-27,39.9,38.9,39.5,39.8,8,"2,900","114,593.40",
2013-12-05,39,36.6,38.1,39.5,23,"11,636","431,767.30",
2013-12-06,39.8,37.2,39.8,38.1,23,"344,233","13,677,488.20",
2013-12-12,43,36.3,40,39.8,28,"351,428","14,049,131.40",
2013-12-17,37.7,37.7,37.7,40,1,2,75.4,
2013-12-18,38,38,38,37.7,3,141,"5,358.00",
2013-12-19,39,38,39,38,7,"1,220","46,570.00",
2013-12-23,38,36.2,36.3,39,7,"1,033","37,870.60",
2013-12-24,36.4,36.4,36.4,36.3,1,5,182,
2013-12-26,37,36.4,37,36.4,2,115,"4,254.40",
2013-12-27,38.9,37.5,38.8,37,7,"365,200","14,187,446.00",
2014-01-02,38,37,38,38.8,2,834,"31,691.00",
2014-01-03,39.9,38.5,39.8,38,4,"382,000","15,221,590.00",
2014-01-06,39.3,37.1,39.3,39.8,3,107,"4,189.70",
2014-01-08,39.5,39,39.5,39.3,2,100,"3,946.00",
2014-01-09,39,38.9,39,39.5,2,34,"1,324.60",
2014-01-10,39,37.1,38.9,39,4,104,"4,049.30",
2014-01-13,38,38,38,38.9,2,133,"5,054.00",
2014-01-16,39,37.5,38.6,38,15,"2,800","107,576.40",
2014-01-17,37.7,37.7,37.7,38.6,2,300,"11,310.00",
2014-01-20,38.9,38.9,38.9,37.7,1,1,38.9,
2014-01-21,40,38.9,39.9,38.9,10,"475,465","18,971,007.50",
2014-01-22,40,38.9,39,39.9,6,"15,518","605,282.00",
2014-01-23,39,37.6,38.2,39,13,"1,700","64,800.00",
2014-01-24,42,39.5,42,38.2,16,"290,947","12,208,363.20",
2014-01-27,41.4,38.1,41.4,42,9,"477,604","19,771,771.60",
2014-02-05,39.8,36.2,39.8,41.4,6,513,"20,373.90",
2014-02-06,39.8,37.6,38.9,39.8,3,165,"6,422.00",
2014-02-07,38.9,37.6,38.8,38.9,11,412,"15,736.30",
2014-02-10,38.5,38,38.5,38.8,2,"5,500","211,500.00",
2014-02-11,39.8,39.8,39.8,38.5,1,1,39.8,
2014-02-13,38,38,38,39.8,2,210,"7,980.00",
2014-02-17,36,35.6,36,38,2,101,"3,635.60",
2014-02-18,40,34.9,39.5,36,12,"1,200","46,502.20",
2014-02-19,39.4,37,39.3,39.5,15,"1,475","56,995.80",
2014-02-20,38.1,38.1,38.1,39.3,3,22,838.2,
2014-02-24,38.6,37,38.6,38.1,8,"1,078","40,046.10",
2014-02-26,38.9,37,37.5,38.6,10,800,"30,418.10",
2014-02-28,39.2,38.9,39.1,37.5,11,"1,700","66,400.00",
2014-03-04,39.5,38,38.3,39.1,5,310,"11,877.00",
2014-03-06,39,38.9,38.9,38.3,2,30,"1,168.00",
2014-03-07,37.3,37.2,37.2,38.9,4,191,"7,105.70",
2014-03-10,38.7,37.5,37.5,37.2,2,6,226.2,
2014-03-11,33.1,33,33,37.5,2,65,"2,145.50",
2014-03-12,37.5,37.5,37.5,33,1,2,75,
2014-03-13,34.1,34.1,34.1,37.5,1,100,"3,410.00",
2014-03-18,38,34.6,37.3,34.1,22,"2,147","79,589.00",
2014-03-20,37.3,37,37,37.3,8,95,"3,515.30",
2014-03-24,37,34.7,35.7,37,15,"1,301","46,458.70",
2014-03-25,37.8,36,37.6,35.7,7,"1,102","39,829.00",
2014-03-26,37.8,35,37.7,37.6,3,201,"7,568.00",
2014-03-27,38.9,36,38.5,37.7,3,102,"3,926.00",
2014-03-31,38.4,37.5,37.9,38.5,7,"1,018","38,586.60",
2014-04-01,38.9,36.1,38.8,37.9,6,701,"27,045.80",
2014-04-02,39,37.1,38.8,38.8,16,"3,315","128,490.20",
2014-04-03,39.5,39,39.1,38.8,4,"1,000","39,068.50",
2014-04-07,40,39,39.8,39.1,8,"5,000","198,948.50",
2014-04-08,40,37.2,39.8,39.8,7,"3,205","127,610.00",
2014-04-09,40,40,40,39.8,3,"3,900","156,000.00",
2014-04-10,39.9,39.9,39.9,40,1,1,39.9,
2014-04-11,40,37,39.4,39.9,28,"2,919","112,219.90",
2014-04-17,39.7,39.7,39.7,39.4,1,1,39.7,
2014-04-21,39.7,39.7,39.7,39.7,1,19,754.3,
2014-04-22,39.9,37.3,38,39.7,10,"2,101","81,090.50",
2014-04-23,39.5,39,39.5,38,2,309,"12,151.00",
2014-04-24,39.5,37.8,39.5,39.5,10,215,"8,467.20",
2014-04-29,39.3,38,38.2,39.5,10,770,"29,444.40",
2014-04-30,40,38,39.2,38.2,16,"6,506","254,856.00",
2014-05-02,39.8,38,39,39.2,14,924,"35,678.40",
2014-05-05,39.8,38.1,39.2,39,6,701,"27,609.80",
2014-05-06,39.8,39.8,39.8,39.2,1,102,"4,059.60",
2014-05-07,39.8,38,39.7,39.8,16,"2,524","99,135.70",
2014-05-08,39.9,39,39.5,39.7,2,"1,000","39,450.00",
2014-05-09,40,39.1,39.5,39.5,13,"2,332","92,460.10",
2014-05-12,40,39.1,39.2,39.5,16,"2,699","107,697.70",
2014-05-16,39.5,39.1,39.1,39.2,4,30,"1,181.00",
2014-05-19,40,39,39,39.1,6,312,"12,278.00",
2014-05-20,39.9,38.8,38.9,39,5,"1,100","42,790.00",
2014-05-22,39,39,39,38.9,1,2,78,
2014-05-23,40,38.9,40,39,18,"60,003","2,399,812.40",
2014-05-26,40,38.8,40,40,2,101,"4,038.80",
2014-05-27,39,39,39,40,7,500,"19,500.00",
2014-05-28,38.7,38.7,38.7,39,2,100,"3,870.00",
2014-05-29,39.9,35.1,39.4,38.7,25,991,"38,253.10",
2014-05-30,39.5,38.5,39,39.4,6,673,"26,163.50",
2014-06-02,39,39,39,39,3,60,"2,340.00",
2014-06-03,38.9,38,38.1,39,14,"2,641","100,583.90",
2014-06-04,38.9,38.1,38.9,38.1,7,268,"10,225.10",
2014-06-05,38.8,38.4,38.5,38.9,9,267,"10,305.20",
2014-06-06,38.8,38.5,38.5,38.5,5,129,"4,997.40",
2014-06-09,38.5,37.6,37.8,38.5,10,397,"15,144.10",
2014-06-10,38.8,37.6,38,37.8,19,"2,229","84,587.20",
2014-06-11,38.9,36.8,37.2,38,7,"1,087","41,975.00",
2014-06-13,38.8,37.1,37.9,37.2,6,201,"7,626.70",
2014-06-16,39.4,38.2,38.7,37.9,15,953,"36,887.50",
2014-06-17,39.2,36.7,38.2,38.7,16,"1,415","54,166.20",
2014-06-18,38.9,37,38.9,38.2,5,191,"7,082.30",
2014-06-19,38.9,37.3,38.9,38.9,2,30,"1,139.80",
2014-06-20,39.1,38.8,38.9,38.9,6,102,"3,976.60",
2014-06-23,38.9,38.5,38.5,38.9,2,12,466,
2014-06-24,38.4,38.4,38.4,38.5,4,49,"1,881.60",
2014-06-25,38.9,38.9,38.9,38.4,3,5,194.5,
2014-06-26,38.8,37.3,38.4,38.9,8,410,"15,507.10",
2014-06-27,38.8,37.1,37.9,38.4,16,829,"31,339.00",
2014-06-30,38.7,37.1,38.3,37.9,6,429,"16,160.90",
2014-07-01,38.9,37.3,38,38.3,15,"1,031","39,481.20",
2014-07-02,39.7,37.1,38.9,38,16,"1,811","69,901.70",
2014-07-03,39.8,39.5,39.7,38.9,7,"1,210","48,071.60",
2014-07-04,39.4,37.4,37.4,39.7,9,858,"33,279.30",
2014-07-07,39,39,39,37.4,2,400,"15,600.00",
2014-07-08,39.3,37.6,39.1,39,4,533,"20,685.00",
2014-07-09,39,37.6,38.3,39.1,6,150,"5,743.40",
2014-07-11,39.5,37.7,39.1,38.3,12,"1,036","40,621.60",
2014-07-14,37.9,37.8,37.8,39.1,6,210,"7,948.00",
2014-07-15,37.7,37.7,37.7,37.8,1,100,"3,770.00",
2014-07-17,38,38,38,37.7,1,100,"3,800.00",
2014-07-18,38,38,38,38,1,1,38,
2014-07-21,39.3,37.5,39.1,38,11,760,"29,364.40",
2014-07-22,39.8,37.6,39.2,39.1,7,"1,175","45,957.90",
2014-07-23,39.9,39.6,39.7,39.2,3,"1,300","51,640.00",
2014-07-28,40,39,39.5,39.7,6,"1,000","39,525.80",
2014-08-01,39.5,39.5,39.5,39.5,1,50,"1,975.00",
2014-08-04,39.5,37.7,39,39.5,7,801,"31,562.80",
2014-08-05,39,37,37.4,39,9,"1,050","39,223.00",
2014-08-06,39,39,39,37.4,1,10,390,
2014-08-07,39.4,38.9,39,39,6,500,"19,520.00",
2014-08-08,39.4,36.5,38,39,43,"47,260","1,742,408.40",
2014-08-11,39.4,38.9,39,38,6,"1,874","73,117.00",
2014-08-12,39,37,38.1,39,25,"16,824","627,418.80",
2014-08-13,39,37.2,38.1,38.1,22,"8,900","338,858.10",
2014-08-15,38,38,38,38.1,1,900,"34,200.00",
2014-08-18,38.1,38,38,38,5,195,"7,410.60",
2014-08-21,39.5,38,39.1,38,16,"19,321","750,976.00",
2014-08-22,39.4,38,39,39.1,5,"1,000","39,140.00",
2014-08-25,39,39,39,39,1,"2,000","78,000.00",
2014-08-26,39,39,39,39,1,2,78,
2014-08-27,38.1,38.1,38.1,39,3,10,381,
2014-08-28,39.4,38.2,39.3,38.1,8,"4,331","169,167.20",
2014-09-01,38.7,38.2,38.3,39.3,5,300,"11,570.60",
2014-09-02,38.2,38.2,38.2,38.3,1,50,"1,910.00",
2014-09-03,38.9,38.9,38.9,38.2,1,"1,000","38,900.00",
2014-09-04,38,38,38,38.9,5,"1,205","45,790.00",
2014-09-05,39,38,38.5,38,2,200,"7,700.00",
2014-09-09,39.4,38,38.9,38.5,6,300,"11,671.00",
2014-09-10,39.3,39.3,39.3,38.9,2,10,393,
2014-09-11,40,39,39.9,39.3,14,"1,400","55,181.90",
2014-09-12,39.4,36.7,38.1,39.9,2,200,"7,610.00",
2014-09-15,37,37,37,38.1,3,200,"7,400.00",
2014-09-16,39.4,37.2,39.4,37,3,229,"8,628.80",
2014-09-17,39.4,37.4,39.4,39.4,4,112,"4,407.80",
2014-09-18,41,39.4,39.9,39.4,32,"29,028","1,158,304.60",
2014-09-19,41,40.8,41,39.9,5,"3,645","149,425.00",
2014-09-23,42,37.8,41,41,20,"8,358","342,301.80",
2014-09-24,41.9,41.9,41.9,41,1,100,"4,190.00",
2014-09-26,40,37.6,38.3,41.9,3,416,"15,941.60",
2014-09-29,41,40,40.4,38.3,3,350,"14,125.00",
2014-09-30,40.5,38.1,40.2,40.4,9,846,"33,616.10",
2014-10-01,40.5,38.5,39.9,40.2,3,900,"35,900.00",
2014-10-02,40.5,38.6,40.2,39.9,4,201,"8,086.60",
2014-10-03,39.9,38.6,39.5,40.2,4,316,"12,373.50",
2014-10-07,38.8,38.5,38.5,39.5,7,589,"22,709.90",
2014-10-09,38.5,38.5,38.5,38.5,1,3,115.5,
2014-10-10,39.5,38.5,39.5,38.5,2,"2,100","82,850.00",
2014-10-13,38.5,38.3,38.3,39.5,4,372,"14,273.00",
2014-10-15,39.5,39,39.5,38.3,3,"1,000","39,450.00",
2014-10-16,39.5,38,38.3,39.5,8,"1,047","40,083.00",
2014-10-17,40.4,37.2,40.4,38.3,19,"12,652","499,850.30",
2014-10-20,40.4,40.4,40.4,40.4,3,3,121.2,
2014-10-21,39.8,37.6,38.1,40.4,15,"2,560","97,561.90",
2014-10-23,37.7,37.7,37.7,38.1,2,105,"3,958.50",
2014-10-24,39.8,37.8,38.6,37.7,3,267,"10,307.40",
2014-10-28,40,37.2,40,38.6,5,432,"16,642.40",
2014-10-30,39,37.6,38.9,40,7,315,"12,116.00",
2014-10-31,38,37.5,37.5,38.9,3,347,"13,112.50",
2014-11-03,38,37,37,37.5,14,"5,166","191,453.20",
2014-11-04,38,38,38,37,4,610,"23,180.00",
2014-11-05,38,38,38,38,1,20,760,
2014-11-10,37.3,37.2,37.3,38,8,"1,591","59,285.20",
2014-11-11,37.5,37.2,37.5,37.3,5,405,"15,157.50",
2014-11-12,37.9,37.2,37.8,37.5,11,"1,443","53,985.50",
2014-11-13,39.5,37,39,37.8,17,"2,952","112,629.50",
2014-11-14,39.3,37.3,37.3,39,5,183,"7,091.90",
2014-11-17,37.4,37.4,37.4,37.3,2,6,224.4,
2014-11-19,39,38.9,38.9,37.4,3,32,"1,245.40",
2014-11-21,38.5,33,36.5,38.9,13,"2,124","75,040.80",
2014-11-24,37.5,33,33,36.5,10,"5,479","181,684.50",
2014-11-25,37.3,37.3,37.3,33,1,236,"8,802.80",
2014-11-26,33.7,33.2,33.7,37.3,2,9,302.8,
2014-11-27,35.7,33,35.4,33.7,4,301,"10,235.00",
2014-11-28,34.3,34.2,34.2,35.4,2,145,"4,969.00",
2014-12-01,35.9,35.9,35.9,34.2,1,100,"3,590.00",
2014-12-02,38,36.9,38,35.9,8,"451,000","17,137,338.00",
2014-12-03,37,35,36.5,38,4,533,"18,955.00",
2014-12-05,36.1,35.7,35.8,36.5,2,125,"4,472.50",
2014-12-08,35.1,34,34,35.8,6,662,"22,860.00",
2014-12-09,34,33.1,33.3,34,6,960,"32,508.00",
2014-12-11,34,33.5,33.6,33.3,4,218,"7,327.00",
2014-12-12,33.5,33.5,33.5,33.6,1,4,134,
2014-12-15,36,36,36,33.5,1,1,36,
2014-12-16,36,33.6,36,36,6,458,"15,877.40",
2014-12-18,35.7,33.7,34,36,30,"10,353","350,966.80",
2014-12-19,34,33.7,33.7,34,5,500,"16,860.60",
2014-12-24,34.9,34.9,34.9,33.7,1,29,"1,012.10",
2014-12-26,35.2,33.8,35.2,34.9,3,517,"17,918.40",
2014-12-29,34,34,34,35.2,1,100,"3,400.00",
2014-12-30,35.7,34,34.6,34,7,"1,015","35,129.60",
2014-12-31,35.9,33.9,35.5,34.6,3,121,"4,263.90",
2015-01-02,35.5,34,34.4,35.5,23,"2,030","69,761.00",
2015-01-08,35.8,35.5,35.5,34.4,3,"1,108","39,389.00",
2015-01-09,37,35.7,36.3,35.5,3,200,"7,267.00",
2015-01-12,37,36.9,36.9,36.3,3,200,"7,380.40",
2015-01-13,36.7,34.3,36.7,36.9,4,115,"4,151.00",
2015-01-16,34.7,34.6,34.6,36.7,2,500,"17,320.00",
2015-01-19,36.3,34.6,34.8,34.6,6,"1,085","37,758.20",
2015-01-20,34.6,34,34,34.8,5,157,"5,368.90",
2015-01-21,36.1,34,35.3,34,5,95,"3,354.00",
2015-01-22,35.9,32.2,34.8,35.3,6,"2,170","73,053.00",
2015-01-27,35,34.8,34.8,34.8,3,"1,000","34,800.40",
2015-01-28,35.9,35.9,35.9,34.8,2,5,179.5,
2015-01-29,35.5,35.5,35.5,35.9,2,20,710,
2015-01-30,35,32.9,32.9,35.5,2,104,"3,430.00",
2015-02-05,34.5,32,34.3,32.9,8,320,"10,347.60",
2015-02-06,34.3,34.3,34.3,34.3,1,100,"3,430.00",
2015-02-11,35.6,34.3,34.9,34.3,7,"1,286","44,288.10",
2015-02-12,35.3,35.3,35.3,34.9,1,"1,000","35,300.00",
2015-02-13,35.2,32.8,33,35.3,5,"1,186","41,346.80",
2015-02-18,34.9,34.2,34.5,33,5,550,"18,985.00",
2015-02-19,33.2,32.9,33.2,34.5,3,258,"8,537.70",
2015-02-20,33.9,33.9,33.9,33.2,2,31,"1,050.90",
2015-02-23,34.9,33,33,33.9,11,726,"23,962.10",
2015-02-24,34.4,32.9,33.9,33,6,7,236.5,
2015-02-25,33,33,33,33.9,2,3,99,
2015-02-26,34.3,33,34.3,33,6,598,"20,125.30",
2015-03-02,34,30,33.7,34.3,19,"2,554","82,384.90",
2015-03-03,34,33,33,33.7,4,310,"10,240.00",
2015-03-04,33,33,33,33,2,20,660,
2015-03-09,31.2,31.2,31.2,33,1,200,"6,240.00",
2015-03-10,32.7,31.2,32.7,31.2,3,"1,034","33,260.80",
2015-03-11,32.8,32.7,32.8,32.7,4,13,425.4,
2015-03-17,32.4,30.5,32.4,32.8,4,431,"13,619.10",
2015-03-19,31.9,30.7,31.9,32.4,5,280,"8,726.50",
2015-03-20,32,32,32,31.9,1,1,32,
2015-03-23,30.7,30.7,30.7,32,2,128,"3,929.60",
2015-03-25,30.1,30.1,30.1,30.7,2,200,"6,020.00",
2015-03-26,32,31.9,32,30.1,3,800,"25,599.80",
2015-03-27,32,30.2,32,32,3,117,"3,713.40",
2015-03-30,32,30.2,31.8,32,8,"1,846","58,703.60",
2015-04-01,34.7,32,32.3,31.8,5,"1,700","54,991.50",
2015-04-02,34.3,34.3,34.3,32.3,2,191,"6,551.30",
2015-04-09,34,34,34,34.3,1,1,34,
2015-04-15,33.9,30.9,33.9,34,2,146,"4,943.40",
2015-04-16,34.5,34,34.1,33.9,3,100,"3,408.50",
2015-04-17,34.4,34.4,34.4,34.1,1,100,"3,440.00",
2015-04-22,34,30,31.6,34.4,13,620,"18,909.70",
2015-04-24,31.7,31.7,31.7,31.6,4,114,"3,613.80",
2015-04-29,34,31,33.8,31.7,9,403,"13,466.10",
2015-04-30,35.3,35.3,35.3,33.8,1,100,"3,530.00",
2015-05-05,35.4,35.4,35.4,35.3,1,50,"1,770.00",
2015-05-06,34.8,34.8,34.8,35.4,1,1,34.8,
2015-05-07,34.8,33.3,34.8,34.8,2,110,"3,813.00",
2015-05-08,33.3,32,32.4,34.8,4,307,"9,954.00",
2015-05-12,34.8,32,33.1,32.4,14,"3,539","114,507.60",
2015-05-13,34.3,34.3,34.3,33.1,1,1,34.3,
2015-05-14,34.2,32,33.4,34.3,3,300,"10,020.00",
2015-05-15,33.9,31.6,32.2,33.4,5,260,"8,360.00",
2015-05-18,34,31.6,31.7,32.2,5,518,"16,419.70",
2015-05-19,33,31.6,31.6,31.7,5,110,"3,490.50",
2015-05-20,32.5,30.6,30.9,31.6,16,"3,425","110,623.30",
2015-05-21,32.6,30.7,32.2,30.9,10,"1,046","32,943.00",
2015-05-22,32.3,30.7,32.1,32.2,4,229,"7,264.20",
2015-05-25,32.4,30.7,31.6,32.1,5,300,"9,470.40",
2015-05-26,31.9,30.1,31.9,31.6,15,"3,310","100,543.00",
2015-05-27,31.8,30,31.8,31.9,13,906,"27,694.20",
2015-05-28,31.9,31.9,31.9,31.8,1,100,"3,190.00",
2015-06-01,31.9,28,28.4,31.9,16,"3,201","91,663.30",
2015-06-03,30.1,30,30.1,28.4,2,227,"6,830.10",
2015-06-04,31,28.6,31,30.1,5,"1,219","36,648.60",
2015-06-05,31.5,31,31,31,3,134,"4,154.50",
2015-06-08,31.5,29.5,30,31,8,449,"13,426.20",
2015-06-09,30,29.6,30,30,9,355,"10,644.00",
2015-06-10,30,29.3,30,30,5,307,"9,107.20",
2015-06-11,30,29,30,30,7,115,"3,349.00",
2015-06-12,30,30,30,30,3,13,390,
2015-06-15,30,29,29,30,16,803,"23,332.30",
2015-06-16,29,27,28.9,29,21,"9,008","244,798.70",
2015-06-17,29.8,28,28,28.9,4,103,"2,889.20",
2015-06-18,29.7,29.7,28,28,4,22,653.4,
2015-06-19,29.8,29.1,29.2,28,6,126,"3,683.70",
2015-06-22,29.9,27.7,27.7,29.2,4,114,"3,173.00",
2015-06-23,29.8,29.8,29.8,27.7,6,278,"8,284.40",
2015-06-24,29.9,29.9,29.8,29.8,3,30,897,
2015-06-25,29.7,29.7,29.8,29.8,2,15,445.5,
2015-06-26,29.2,28.5,29.8,29.8,2,51,"1,454.20",
2015-06-29,28.2,27.5,28,29.8,10,557,"15,593.10",
2015-06-30,27.5,27.5,28,28,1,10,275,
2015-07-02,28,27.5,27.6,28,4,210,"5,790.00",
2015-07-03,27,27,27.6,27.6,2,80,"2,160.00",
2015-07-06,27.5,27.5,27.6,27.6,2,29,797.5,
2015-07-07,26.7,26.7,26.7,27.6,1,100,"2,670.00",
2015-07-08,27.5,27.5,26.7,26.7,1,10,275,
2015-07-09,28.5,26.5,26.5,26.7,4,108,"2,877.90",
2015-07-10,29.5,26.5,29.5,26.5,12,"550,138","16,227,143.00",
2015-07-13,29.5,29,29.1,29.5,16,"5,396","156,603.40",
2015-07-14,29.5,29,29.1,29.1,3,37,"1,075.00",
2015-07-16,31,28,29.9,29.1,43,"565,630","17,510,612.30",
2015-07-17,31.4,28.2,31,29.9,5,"1,302","40,399.60",
2015-07-21,30.9,29,30.9,31,4,500,"14,720.00",
2015-07-22,31,30.9,30.9,30.9,3,207,"6,398.60",
2015-07-23,30.8,28.5,30.8,30.9,5,378,"11,235.30",
2015-07-24,30.9,30.9,30.8,30.8,1,1,30.9,
2015-07-27,29.1,29.1,30.8,30.8,1,1,29.1,
2015-07-29,30.7,29,29.8,30.8,12,850,"25,200.70",
2015-07-30,30.8,30.8,30.8,29.8,3,200,"6,160.00",
2015-08-03,30,29.3,29.7,30.8,3,399,"11,856.60",
2015-08-05,30.8,30.5,30.5,29.7,4,"2,000","61,063.30",
2015-08-07,32.8,30.2,30.3,30.5,9,"5,287","160,901.30",
2015-08-10,30.1,30.1,30.1,30.3,2,500,"15,050.00",
2015-08-11,31.8,30,31.8,30.1,3,241,"7,662.00",
2015-08-12,33.5,31.7,33.4,31.8,22,"6,481","209,375.30",
2015-08-13,34,30.1,33.6,33.4,13,"2,700","87,814.30",
2015-08-14,33.8,30.4,32.1,33.6,2,200,"6,420.00",
2015-08-17,33.8,30.4,32.1,32.1,11,"4,842","155,247.20",
2015-08-18,33.9,31.2,33.7,32.1,4,418,"14,081.60",
2015-08-19,33.6,30.2,33.5,33.7,5,333,"10,614.80",
2015-08-21,34.9,31.7,33.9,33.5,15,"2,220","75,327.50",
2015-08-25,31.4,31.3,31.4,33.9,2,105,"3,296.50",
2015-08-26,33.9,33.9,31.4,31.4,1,1,33.9,
2015-08-27,33,31.1,32.3,31.4,11,"5,512","174,626.80",
2015-08-28,34.5,31.1,33.8,32.3,22,"446,662","14,739,819.60",
2015-09-01,33,33,33,33.8,5,"1,001,800","33,059,400.00",
2015-09-02,32,32,32,33,1,181,"5,792.00",
2015-09-03,32,32,32,32,4,140,"4,480.00",
2015-09-04,33,32.9,33,32,6,"2,000","65,998.10",
2015-09-08,31.7,30,30.1,33,6,452,"13,624.00",
2015-09-09,32.9,31.8,32.7,30.1,3,260,"8,493.00",
2015-09-14,32.7,30.3,32.7,32.7,7,"104,126","3,404,492.80",
2015-09-15,32.8,32.7,32.8,32.7,3,147,"4,819.60",
2015-09-16,33.9,29,32.6,32.8,24,"5,303","168,186.20",
2015-09-17,33.5,30,33.4,32.6,17,"2,375","75,345.30",
2015-09-18,34.5,31.1,34.5,33.4,10,"1,918","63,306.50",
2015-09-21,32.1,32,34.5,34.5,2,20,641,
2015-09-22,35,34,34.7,34.5,6,500,"17,347.00",
2015-09-23,35.6,35,35.2,34.7,4,500,"17,606.20",
2015-09-25,36.9,35,36.9,35.2,10,935,"33,055.80",
2015-09-28,37,36.8,36.8,36.9,10,"1,000","36,900.00",
2015-09-29,37.9,36.8,37.9,36.8,6,251,"9,387.90",
2015-09-30,38,37.9,37.9,37.9,2,200,"7,585.00",
2015-10-01,39.8,37.9,39.8,37.9,11,"2,148","82,698.30",
2015-10-05,39,39,39.8,39.8,1,5,195,
2015-10-08,39,32,38.8,39.8,6,600,"22,624.50",
2015-10-12,38.9,31,34.3,38.8,27,"2,433","82,940.60",
2015-10-13,37.9,34.1,36.6,34.3,11,841,"30,873.40",
2015-10-14,37.4,34,37.4,36.6,6,"1,500","51,420.00",
2015-10-16,36.8,36.8,37.4,37.4,1,5,184,
2015-10-19,37.2,33.6,37.4,37.4,2,27,925.2,
2015-10-22,36,33.2,37.4,37.4,4,8,279.6,
2015-10-23,39,37,39,37.4,10,"1,572","59,300.00",
2015-10-30,34.1,34.1,39,39,1,1,34.1,
2015-11-02,38.8,34.1,38.8,39,3,296,"11,014.80",
2015-11-06,39.9,37.5,39.2,38.8,5,500,"19,623.50",
2015-11-09,36,33.3,36,39.2,4,200,"6,930.00",
2015-11-11,38.8,34,34.3,36,9,605,"20,738.40",
2015-11-12,37,33.3,35.1,34.3,12,"2,000","70,258.90",
2015-11-13,35.3,35.3,35.3,35.1,2,205,"7,236.50",
2015-11-16,32.6,32.6,32.6,35.3,2,500,"16,300.00",
2015-11-17,35.8,35.8,35.8,32.6,1,100,"3,580.00",
2015-11-18,32.1,32.1,35.8,35.8,1,2,64.2,
2015-11-19,35.9,35.8,35.8,35.8,10,757,"27,134.30",
2015-11-20,33.4,33.4,35.8,35.8,2,23,768.2,
2015-11-23,36.9,33.3,35.8,35.8,2,7,251.1,
2015-11-26,33,33,33,35.8,5,263,"8,679.00",
2015-11-27,36.3,36.3,36.3,33,2,115,"4,174.50",
2015-11-30,39.8,32.7,36.9,36.3,19,"2,300","84,523.00",
2015-12-01,37,35,36.9,36.9,5,"2,600","95,370.00",
2015-12-02,39.5,34,39.5,36.9,5,300,"11,300.00",
2015-12-03,33.3,30,31.8,39.5,64,"39,157","1,200,348.60",
2015-12-04,33.5,30.2,32.6,31.8,26,"6,151","202,175.80",
2015-12-07,33.7,32.5,33.7,32.6,3,665,"22,212.50",
2015-12-08,34.9,31.3,34.2,33.7,14,"1,300","43,590.20",
2015-12-09,34.9,34.3,34.9,34.2,4,500,"17,436.40",
2015-12-10,34.9,31.2,34.5,34.9,23,"2,197","73,002.90",
2015-12-11,34.5,32.5,34.5,34.5,4,4,134,
2015-12-14,34.9,31.7,34.5,34.5,7,334,"11,533.00",
2015-12-15,35,31.2,33,34.5,16,"16,741","551,938.70",
2015-12-16,35.8,35.7,35.7,33,3,111,"3,962.80",
2015-12-17,36,35.8,35.9,35.7,4,"1,000","35,895.80",
2015-12-21,36,33.1,34.7,35.9,3,363,"12,594.30",
2015-12-22,35.9,33.2,35.9,34.7,3,249,"8,669.10",
2015-12-23,36,35,35,35.9,2,301,"10,537.00",
2015-12-29,36.9,33.2,36.9,35,6,316,"10,953.70",
2015-12-30,37.5,36.9,37.2,36.9,4,400,"14,898.90",
2015-12-31,37.5,37.5,37.2,37.2,1,5,187.5,
2016-01-06,36.9,32.2,37.2,37.2,3,60,"1,979.00",
2016-01-07,36.9,36.9,37.2,37.2,1,1,36.9,
2016-01-08,34.9,32.2,34.9,37.2,4,446,"14,901.20",
2016-01-12,34.7,30.2,34.7,34.9,11,"2,729","88,652.30",
2016-01-19,37,34.6,35.8,34.7,8,"2,500","89,545.50",
2016-01-20,37,36.9,37,35.8,2,888,"32,851.40",
2016-01-21,37.7,36,37.7,37,2,205,"7,720.00",
2016-01-26,32,32,37.7,37.7,1,14,448,
2016-01-27,37.8,35,37.8,37.7,3,300,"10,778.50",
2016-02-09,39,35.5,38.8,37.8,6,500,"18,511.60",
2016-02-10,39,39,39,38.8,2,500,"19,500.00",
2016-02-18,39,30.2,38.6,39,8,"1,000","36,066.50",
2016-02-19,38.9,31.1,38.5,38.6,7,985,"37,266.50",
2016-02-24,38.7,30.3,37.9,38.5,8,506,"18,493.70",
2016-02-25,38.5,38.5,38.5,37.9,1,100,"3,850.00",
2016-02-26,38.5,38.5,38.5,38.5,1,86,"3,311.00",
2016-02-29,39,38.5,38.6,38.5,7,"3,853","148,605.80",
2016-03-01,38.5,38.5,38.5,38.6,1,100,"3,850.00",
2016-03-08,38.5,31.5,38.4,38.5,5,569,"19,084.00",
2016-03-09,38.4,31.7,36,38.4,9,826,"29,288.60",
2016-03-10,38.5,38.5,38.5,36,2,104,"4,004.00",
2016-03-11,37.8,33.2,35.1,38.5,8,"1,174","41,200.00",
2016-03-14,37.9,32.1,37.9,35.1,3,580,"20,377.00",
2016-03-16,37.5,37.5,37.9,37.9,1,1,37.5,
2016-03-23,37,37,37.9,37.9,2,14,518,
2016-03-24,37.5,37,37.1,37.9,7,311,"11,532.50",
2016-03-28,35.2,34.7,35.1,37.1,9,726,"25,485.30",
2016-03-29,38,38,38,35.1,1,100,"3,800.00",
2016-03-31,38.5,37,37.7,38,7,902,"33,987.00",
2016-04-04,37.7,37.6,37.6,37.7,2,168,"6,316.90",
2016-04-05,37.7,33.2,37.7,37.6,5,"2,349","87,985.60",
2016-04-11,37.9,35.1,37.7,37.7,2,11,402.9,
2016-04-18,39.8,38,39.7,37.7,3,200,"7,933.00",
2016-04-22,39.8,35.7,37.4,39.7,9,"1,841","68,539.70",
2016-04-25,34.6,34.5,34.5,37.4,2,291,"10,049.50",
2016-04-26,38.9,35,38.4,34.5,12,"1,395","51,847.00",
2016-04-27,36,35.2,35.2,38.4,2,200,"7,048.00",
2016-04-28,35.7,35.7,35.7,35.2,1,100,"3,570.00",
2016-04-29,35.8,35.7,35.8,35.7,5,"2,100","75,140.00",
2016-05-03,36.1,36.1,36.1,35.8,1,100,"3,610.00",
2016-05-04,38,35.5,36.9,36.1,5,404,"14,884.80",
2016-05-06,38.1,35,36.4,36.9,9,"3,763","132,493.90",
2016-05-11,37.5,34,37.5,36.4,3,403,"14,412.50",
2016-05-13,38.2,35,38.1,37.5,3,800,"28,940.00",
2016-05-16,38.4,34.9,38.3,38.1,8,"4,725","165,586.00",
2016-05-18,34.9,34.9,38.3,38.3,1,4,139.6,
2016-05-19,36,35.1,35.2,38.3,4,329,"11,634.90",
2016-05-24,37.4,34.1,37.4,35.2,5,361,"12,655.60",
2016-05-26,35.4,34.4,35.4,37.4,2,200,"6,980.00",
2016-05-27,37.2,37.2,35.4,35.4,1,20,744,
2016-05-30,36.6,34.3,36.6,35.4,3,104,"3,797.20",
2016-05-31,37.7,37.7,37.7,36.6,4,284,"10,706.80",
2016-06-06,37.9,35,36.8,37.7,14,"1,621","57,013.70",
2016-06-07,36.3,36.3,36.8,36.8,1,1,36.3,
2016-06-08,36,34.4,35.9,36.8,9,799,"28,556.40",
2016-06-09,34.5,34.4,35.9,35.9,7,19,654,
2016-06-10,35.8,34.4,34.5,35.9,8,122,"4,213.60",
2016-06-13,35.5,35.5,35.5,34.5,3,202,"7,171.00",
2016-06-14,35.5,35,35,35.5,4,154,"5,417.00",
2016-06-15,35,35,35,35,2,2,70,
2016-06-16,35,34.4,35,35,7,55,"1,913.60",
2016-06-17,35,35,35,35,2,26,910,
2016-06-20,35,35,35,35,3,22,770,
2016-06-21,34,34,35,35,3,9,306,
2016-06-22,35,34,35,35,6,264,"9,079.00",
2016-06-23,35,35,35,35,1,8,280,
2016-06-27,36.8,35,36.1,35,8,969,"34,950.80",
2016-06-28,36.6,36.6,36.6,36.1,3,202,"7,393.20",
2016-06-29,36.4,36.4,36.6,36.6,1,1,36.4,
2016-06-30,36.4,30.1,35.5,36.6,10,585,"19,786.50",
2016-07-01,36.3,31.6,36.2,35.5,8,424,"15,334.20",
2016-07-04,36.4,34,36.2,36.2,2,4,143.2,
2016-07-07,36.5,36,36.4,36.2,5,211,"7,680.40",
2016-07-08,37.7,36.5,36.8,36.4,9,"1,350","49,694.20",
2016-07-11,34,32.9,36.8,36.8,3,8,265.4,
2016-07-12,36.7,32.7,35.1,36.8,5,402,"14,023.40",
2016-07-13,36.5,36.5,36.5,35.1,1,100,"3,650.00",
2016-07-15,36.9,34.3,35.6,36.5,7,"1,550","55,160.00",
2016-07-18,36.5,36.5,36.5,35.6,1,106,"3,869.00",
2016-07-20,32,30.2,32,36.5,12,"1,222","39,080.60",
2016-07-21,35.6,31.8,35.6,32,4,253,"8,994.00",
2016-07-25,35.6,32.9,35.6,35.6,11,"1,775","59,022.80",
2016-07-26,34.6,33.1,33.9,35.6,2,365,"12,381.50",
2016-07-27,34.5,33,34.5,33.9,2,700,"23,400.00",
2016-08-02,30.4,30.4,34.5,34.5,1,1,30.4,
2016-08-03,34.4,32.6,34.4,34.5,7,"1,001","33,403.90",
2016-08-05,34,32.1,34.4,34.4,2,10,336.2,
2016-08-09,34.4,32.2,32.2,34.4,3,101,"3,255.90",
2016-08-10,34.1,34.1,34.1,32.2,1,100,"3,410.00",
2016-08-11,34.2,34.1,34.2,34.1,4,510,"17,422.00",
2016-08-12,34,32.5,34.2,34.2,2,2,66.5,
2016-08-15,32.5,32.5,34.2,34.2,1,1,32.5,
2016-08-16,32.6,32.5,34.2,34.2,2,29,942.6,
2016-08-18,34,32.6,33.5,34.2,5,515,"17,201.30",
2016-08-19,33,32.6,32.9,33.5,4,335,"10,961.00",
2016-08-22,32.9,32.9,32.9,32.9,1,50,"1,645.00",
2016-08-23,34,34,34,32.9,1,100,"3,400.00",
2016-08-24,34.2,32.5,33.5,34,7,"1,502","50,245.00",
2016-08-25,32.6,32.6,32.6,33.5,2,225,"7,335.00",
2016-08-29,34.4,33,33.4,32.6,2,355,"11,855.00",
2016-08-30,34.5,34.1,34.4,33.4,7,"3,063","104,854.60",
2016-09-01,34.5,33,33,34.4,6,691,"22,818.00",
2016-09-02,34.4,34.4,34.4,33,4,"1,000","34,400.00",
2016-09-06,34,32.1,34,34.4,4,462,"15,204.00",
2016-09-07,32.4,32.4,32.4,34,1,100,"3,240.00",
2016-09-13,32.3,32.3,32.3,32.4,1,191,"6,169.30",
2016-09-14,33,33,33,32.3,1,100,"3,300.00",
2016-09-21,35,30.2,34.8,33,3,600,"20,000.00",
2016-09-23,34.8,34.8,34.8,34.8,1,5,174,
2016-09-26,31.5,30.8,31.5,34.8,7,"1,030","32,427.00",
2016-09-27,31.5,31.5,31.5,31.5,1,10,315,
2016-09-28,32,32,32,31.5,1,100,"3,200.00",
2016-09-29,32.1,32.1,32.1,32,1,100,"3,210.00",
2016-09-30,34,32.1,34,32.1,3,545,"18,444.50",
2016-10-04,32.2,32.2,34,34,1,25,805,
2016-10-12,30.8,30.8,30.8,34,1,100,"3,080.00",
2016-10-17,34.4,30.8,33,30.8,3,333,"10,976.40",
2016-10-18,32,30,30.2,33,5,"1,100","33,220.00",
2016-10-19,31.9,31.9,31.9,30.2,1,200,"6,380.00",
2016-10-24,32,31.9,31.9,31.9,2,332,"10,604.00",
2016-10-26,32,28.3,32,31.9,4,600,"18,790.00",
2016-10-27,36.9,31.9,32.5,32,7,"4,100","133,158.50",
2016-10-28,31.9,28.1,31.9,32.5,7,801,"23,651.90",
2016-10-31,32,31.9,32,31.9,2,"1,199","38,348.10",
2016-11-01,32,32,32,32,4,64,"2,048.00",
2016-11-04,35.9,34.9,34.9,32,10,764,"26,679.70",
2016-11-10,34,34,34.9,34.9,1,10,340,
2016-11-23,27.4,27.4,34.9,34.9,1,2,54.8,
2016-11-25,33,30,33,34.9,7,"3,600","112,399.80",
2016-11-28,35,32,33.5,33,7,"4,827","161,469.60",
2016-11-29,38,38,38,33.5,1,100,"3,800.00",
2016-11-30,37,30.1,36.9,38,11,"3,100","110,940.00",
2016-12-02,37,31.5,36.9,36.9,4,750,"26,036.00",
2016-12-05,36,31.4,34.9,36.9,9,"2,113","70,773.40",
2016-12-07,35,34.9,35,34.9,6,"1,005","35,134.90",
2016-12-20,32,32,32,35,1,203,"6,496.00",
2016-12-21,37,37,37,32,1,203,"7,511.00",
2016-12-27,37.9,30.6,37.4,37,3,302,"10,617.60",
2016-12-29,37.7,37.7,37.7,37.4,1,100,"3,770.00",
2017-01-04,37.5,31.2,33.5,37.7,15,"5,301","171,907.50",
2017-01-05,36.4,36.4,36.4,33.5,1,100,"3,640.00",
2017-01-06,32.1,30.6,31.6,36.4,6,800,"25,311.00",
2017-01-09,33.9,33.9,33.9,31.6,1,100,"3,390.00",
2017-01-10,34,34,34,33.9,2,200,"6,800.00",
2017-01-11,35,34.9,35,34,2,130,"4,547.00",
2017-01-13,35.7,35.7,35.7,35,1,100,"3,570.00",
2017-01-16,36.4,31.9,34.2,35.7,2,384,"13,149.60",
2017-01-17,32.1,32,32,34.2,19,"8,670","277,474.60",
2017-01-19,32,32,32,32,2,"2,500","80,000.00",
2017-01-20,33.4,30.1,32.2,32,6,630,"20,257.50",
2017-01-23,32.9,32.9,32.9,32.2,1,200,"6,580.00",
2017-01-25,32.8,30.5,31.5,32.9,6,"1,443","46,771.50",
2017-01-26,33,32.7,33,31.5,9,"4,093","134,589.70",
2017-01-27,34,33.9,34,33,2,300,"10,190.00",
2017-01-30,33.9,33,33.9,34,4,725,"24,015.00",
2017-01-31,34,33.9,34,33.9,9,"4,500","152,820.80",
2017-02-01,33.9,32,32,34,8,"4,301","138,223.90",
2017-02-02,32,32,32,32,1,243,"7,776.00",
2017-02-03,36,32,34.1,32,14,"3,400","115,905.70",
2017-02-06,33.9,31.5,31.8,34.1,12,"2,210","70,460.20",
2017-02-07,32,31.5,32,31.8,3,298,"9,512.00",
2017-02-13,30.8,30.8,32,32,1,5,154,
2017-02-15,34,30.6,33.9,32,14,"2,638","86,930.20",
2017-02-16,34.3,34.3,34.3,33.9,1,100,"3,430.00",
2017-02-17,34.5,34.3,34.5,34.3,3,300,"10,343.40",
2017-02-20,34.5,32,34.1,34.5,13,"12,503","421,293.50",
2017-02-21,35.8,34,34.9,34.1,6,540,"18,830.00",
2017-02-22,34.8,32,34.7,34.9,12,"6,152","199,670.40",
2017-02-28,35,34.4,34.6,34.7,11,"1,001","34,599.20",
2017-03-01,36,32.2,35.1,34.6,22,"2,010","68,414.80",
2017-03-02,37.5,33.1,36.1,35.1,8,"1,695","60,424.50",
2017-03-03,37.9,35.9,36.7,36.1,8,696,"25,538.80",
2017-03-06,38.9,36,38.5,36.7,5,601,"23,142.30",
2017-03-07,39,36,38.5,38.5,9,"1,901","72,433.00",
2017-03-08,39,34.5,38.2,38.5,12,"1,200","45,811.50",
2017-03-16,37.4,37,37.4,38.2,5,375,"13,985.00",
2017-03-17,37.4,31.1,37.4,37.4,4,428,"15,377.20",
2017-03-22,39,32.9,35.6,37.4,15,"2,624","93,285.80",
2017-03-23,38.9,38.9,38.9,35.6,1,100,"3,890.00",
2017-03-24,37.8,33.6,34.5,38.9,5,832,"28,705.80",
2017-03-27,36.9,36.9,36.9,34.5,1,100,"3,690.00",
2017-03-29,36.8,36.8,36.9,36.9,2,10,368,
2017-03-30,36.9,33.7,36.8,36.9,9,899,"31,853.20",
2017-03-31,37.3,37.3,37.3,36.8,1,261,"9,735.30",
2017-04-04,37.5,37.5,37.5,37.3,1,100,"3,750.00",
2017-04-06,37.9,37.5,37.9,37.5,2,110,"4,165.00",
2017-04-11,37.9,37.9,37.9,37.9,1,1,37.9,
2017-04-12,39,37.8,38.9,37.9,7,600,"23,072.50",
2017-04-18,39,33.1,38.5,38.9,6,505,"19,450.50",
2017-04-19,39.4,35,39.1,38.5,10,"1,510","58,987.20",
2017-04-20,40.5,40,40.5,39.1,5,"1,000","40,429.00",
2017-04-21,41.9,40,40.4,40.5,4,500,"20,180.50",
2017-04-24,36,36,40.4,40.4,1,2,72,
2017-04-25,40,36,39.8,40.4,10,765,"30,172.80",
2017-04-27,40,39.5,39.8,39.8,3,"3,000","119,408.60",
2017-04-28,41.5,39.9,41.4,39.8,2,110,"4,549.00",
2017-05-02,39.9,37,39.9,41.4,5,300,"11,679.50",
2017-05-03,39.9,37,38.8,39.9,16,"3,000","114,677.00",
2017-05-04,40,40,40,38.8,8,"4,100","164,000.00",
2017-05-05,40,40,40,40,1,50,"2,000.00",
2017-05-08,39.9,38,39.9,40,2,332,"12,806.00",
2017-05-09,38,38,39.9,39.9,1,5,190,
2017-05-15,41.9,39,40.1,39.9,12,"1,537","61,824.80",
2017-05-16,42,39.2,40,40.1,12,"1,578","64,384.20",
2017-05-17,41.5,39.9,41.4,40,6,700,"28,953.00",
2017-05-18,41.1,39,41.1,41.4,7,303,"12,169.00",
2017-05-22,41.5,38,41.2,41.1,15,"1,310","53,658.00",
2017-05-23,41.5,39.1,41.3,41.2,3,201,"8,319.10",
2017-05-24,42,39.8,40.7,41.3,7,790,"32,251.90",
2017-05-26,41.5,40.5,41.5,40.7,3,104,"4,312.00",
2017-05-30,40.4,40.4,41.5,41.5,1,5,202,
2017-06-02,40.5,40.5,41.5,41.5,1,1,40.5,
2017-06-07,41.9,41.6,41.7,41.5,2,175,"7,302.50",
2017-06-09,41.4,41.4,41.7,41.7,3,3,124.2,
2017-06-12,41,41,41.7,41.7,2,6,246,
2017-06-13,40.8,38.8,40.8,41.7,10,513,"20,330.40",
2017-06-14,41,40.9,41,40.8,6,311,"12,739.90",
2017-06-15,41.5,41,41.5,41,5,600,"24,757.80",
2017-06-16,41.8,41.8,41.5,41.5,1,14,585.2,
2017-06-19,41.6,38.2,40.7,41.5,7,546,"22,041.00",
2017-06-20,41.6,40,41.6,40.7,5,500,"20,480.00",
2017-06-21,41.8,41.6,41.7,41.6,3,250,"10,437.00",
2017-06-22,41.7,41.7,41.7,41.7,2,4,166.8,
2017-06-23,41.7,39.9,40,41.7,8,702,"28,204.40",
2017-06-28,40,40,40,40,2,105,"4,200.00",
2017-06-29,40,39.5,40,40,8,"4,211","168,439.50",
2017-07-03,41,38,38.8,40,6,613,"23,646.50",
2017-07-05,40.3,40,40.3,38.8,3,169,"6,807.00",
2017-07-06,42,40.4,41.5,40.3,11,"1,510","62,727.20",
2017-07-10,42,38.2,42,41.5,5,252,"10,580.10",
2017-07-11,41.8,38.3,41.7,42,6,790,"32,505.80",
2017-07-12,42.9,38.2,41.9,41.7,13,"3,490","143,184.70",
2017-07-13,42.9,37.5,42.9,41.9,7,400,"16,615.20",
2017-07-14,43.9,40.1,42.8,42.9,10,"1,700","71,920.00",
2017-07-17,43,40,40.1,42.8,17,"4,372","176,344.00",
2017-07-18,41.5,39.5,40.6,40.1,17,"1,724","69,458.20",
2017-07-19,40.9,40.9,40.9,40.6,1,100,"4,090.00",
2017-07-20,40.9,39.2,40.9,40.9,4,683,"27,623.60",
2017-07-24,39.1,39.1,39.1,40.9,1,110,"4,301.00",
2017-07-25,40.9,40.9,40.9,39.1,1,111,"4,539.90",
2017-07-26,40.8,39,40.8,40.9,6,815,"32,075.00",
2017-07-27,40.7,37.4,40.7,40.8,3,300,"11,550.00",
2017-07-31,40,38,40,40.7,5,875,"34,570.00",
2017-08-01,40.4,40.4,40.4,40,3,200,"8,080.00",
2017-08-02,39.2,39.2,40.4,40.4,1,10,392,
2017-08-04,40.1,40.1,40.1,40.4,1,200,"8,020.00",
2017-08-08,40.1,38.3,40,40.1,5,400,"15,840.00",
2017-08-09,38.2,38.2,40,40,2,5,191,
2017-08-10,40.1,38.1,40,40,2,104,"4,162.40",
2017-08-11,41.9,40,40.4,40,8,"2,000","80,621.80",
2017-08-14,40.5,40.5,40.5,40.4,2,101,"4,090.50",
2017-08-15,38.6,38.6,38.6,40.5,2,133,"5,133.80",
2017-08-16,40,40,40,38.6,10,"30,852","1,234,080.00",
2017-08-17,40,38,40,40,3,500,"19,580.00",
2017-08-22,37.5,37.5,40,40,1,4,150,
2017-08-30,33.9,33.9,33.9,40,1,100,"3,390.00",
2017-08-31,39.4,35.6,39.4,33.9,4,160,"6,266.00",
2017-09-04,39.8,39.8,39.4,39.4,1,8,318.4,
2017-09-06,39.7,36,39.7,39.4,6,866,"31,959.20",
2017-09-07,38.9,36.2,38.9,39.7,5,438,"16,150.50",
2017-09-08,39.2,39.2,39.2,38.9,3,200,"7,840.00",
2017-09-11,39.8,39.3,39.8,39.2,3,210,"8,354.00",
2017-09-12,40.1,39.8,40,39.8,5,501,"20,034.70",
2017-09-13,40.1,40,40.1,40,7,"3,550","142,345.00",
2017-09-14,40.5,38.1,40,40.1,10,"1,300","52,139.50",
2017-09-15,41,40.3,40.6,40,15,"5,845","236,835.00",
2017-09-18,41.9,41,41.4,40.6,47,"21,960","908,135.00",
2017-09-19,41.5,39.4,40.9,41.4,13,"43,255","1,770,180.50",
2017-09-20,39.2,39.2,39.2,40.9,2,100,"3,920.00",
2017-09-21,40.8,40.7,40.7,39.2,2,300,"12,212.00",
2017-09-22,40.5,40,40.2,40.7,4,"2,490","100,081.00",
2017-09-25,41,40,40.8,40.2,20,"33,455","1,361,940.40",
2017-09-26,41,40,40.1,40.8,19,"14,105","568,327.50",
2017-09-27,40.5,39.1,40,40.1,11,"5,212","209,032.00",
2017-09-28,39.1,39.1,40,40,1,1,39.1,
2017-09-29,40.3,40,40.2,40,10,"10,530","423,205.00",
2017-10-02,41,40,41,40.2,81,"38,608","1,567,218.50",
2017-10-03,42,40.5,41,41,27,"7,950","327,354.10",
2017-10-04,41,38.6,40.9,41,17,"107,660","4,406,833.00",
2017-10-06,41,40.7,40.8,40.9,3,"1,000","40,763.00",
2017-10-09,40,39,39.2,40.8,3,600,"23,500.00",
2017-10-10,40.7,39,40.7,39.2,2,300,"12,040.00",
2017-10-11,40.6,38.9,40.3,40.7,6,"1,386","54,275.40",
2017-10-12,40.9,40.6,40.9,40.3,5,"151,200","6,183,530.00",
2017-10-13,41,40,40.2,40.9,2,500,"20,111.00",
2017-10-17,40.8,40.8,40.8,40.2,1,707,"28,845.60",
2017-10-23,40,37.6,39.9,40.8,3,460,"17,752.00",
2017-10-27,40,34.1,39.8,39.9,11,"1,117","44,042.60",
2017-10-30,40.1,40.1,40.1,39.8,1,100,"4,010.00",
2017-11-01,39.9,37.6,38.4,40.1,3,570,"21,871.00",
2017-11-02,39.9,39.9,39.9,38.4,2,167,"6,663.30",
2017-11-06,40,38,39.9,39.9,8,437,"17,100.70",
2017-11-17,40,35.6,39.8,39.9,14,"2,369","93,556.00",
2017-11-20,39.9,36.6,39.9,39.8,5,405,"15,827.50",
2017-11-21,40,40,40,39.9,2,101,"4,040.00",
2017-11-23,39.9,38.5,38.5,40,4,500,"19,410.00",
2017-11-24,38.5,36.2,36.5,38.5,70,"8,425","306,953.50",
2017-11-27,38.5,36.6,38.1,36.5,2,125,"4,765.00",
2017-11-28,38.5,38.4,38.5,38.1,2,200,"7,697.50",
2017-11-29,38,36.3,37.7,38.5,3,600,"22,620.00",
2017-11-30,38.6,38,38.3,37.7,6,485,"18,577.60",
2017-12-04,39.9,39.9,39.9,38.3,2,300,"11,970.00",
2017-12-07,39,37.5,39,39.9,5,502,"19,155.60",
2017-12-21,35.2,35.2,39,39,2,32,"1,126.40",
2017-12-22,37.9,35.5,37.9,39,6,"2,151","76,840.50",
2017-12-26,38.5,35.3,38.2,37.9,14,"1,774","67,385.80",
2017-12-27,39.9,39.9,39.9,38.2,1,100,"3,990.00",
2017-12-28,39.9,35.2,38.9,39.9,7,464,"18,043.60",
2017-12-29,40,40,38.9,38.9,1,10,400,
2018-01-02,40,40,40,38.9,2,110,"4,400.00",
2018-01-03,39.9,39.9,40,40,1,1,39.9,
2018-01-10,39.8,39.8,40,40,1,1,39.8,
2018-01-12,39.9,39.9,40,40,4,4,159.6,
2018-01-17,37,36.1,40,40,3,66,"2,421.30",
2018-01-18,37,37,40,40,1,3,111,
2018-01-19,39.8,39.8,40,40,2,3,119.4,
2018-01-22,36.4,36.4,40,40,1,2,72.8,
2018-01-23,39.9,39.9,40,40,1,1,39.9,
2018-01-25,37,36.3,36.6,40,5,874,"31,986.60",
2018-01-26,35,35,35,36.6,2,"1,241","43,435.00",
2018-01-29,39.2,39.2,39.2,35,1,128,"5,017.60",
2018-02-01,40,39.5,39.8,39.2,4,610,"24,305.00",
2018-02-12,40.5,38,39.5,39.8,3,500,"19,740.00",
2018-02-14,40,35,40,39.5,5,320,"12,739.00",
2018-02-15,35,35,40,40,1,2,70,
2018-02-16,35.9,35.9,40,40,2,25,897.5,
2018-02-20,35.3,35.3,40,40,1,1,35.3,
2018-02-22,39,35.7,37.2,40,3,233,"8,660.10",
2018-02-23,39,39,39,37.2,1,100,"3,900.00",
2018-02-26,39,37.5,37.8,39,4,866,"32,775.00",
2018-02-27,37,37,37.8,37.8,1,32,"1,184.00",
2018-02-28,38.9,36.3,36.3,37.8,2,101,"3,668.90",
2018-03-02,38.9,37,37,36.3,3,266,"10,033.90",
2018-03-05,38.9,38.9,38.9,37,4,200,"7,780.00",
2018-03-06,39,39,38.9,38.9,1,1,39,
2018-03-07,40.5,40.5,40.5,38.9,1,500,"20,250.00",
2018-03-16,39,36.3,39,40.5,4,302,"11,494.30",
2018-03-20,38.8,36,38.4,39,16,"2,951","108,368.80",
2018-03-21,36,36,36,38.4,1,300,"10,800.00",
2018-03-22,38.5,38.5,38.5,36,2,150,"5,775.00",
2018-03-27,36,35.1,35.4,38.5,8,"1,150","40,680.00",
2018-03-28,38.4,38,38.3,35.4,3,120,"4,600.00",
2018-04-03,38.4,38.4,38.4,38.3,2,200,"7,680.00",
2018-04-05,39.9,38.9,39.1,38.4,4,500,"19,560.00",
2018-04-06,30.4,30.4,39.1,39.1,1,30,912,
2018-04-09,39.7,38,39.7,39.1,3,300,"11,570.00",
2018-04-10,39.8,39.4,39.5,39.7,5,"1,200","47,355.80",
2018-04-12,44,40,40.3,39.5,3,330,"13,420.00",
2018-04-16,40.5,35.1,39.1,40.3,5,400,"15,630.00",
2018-04-17,40.5,40.5,40.5,39.1,1,100,"4,050.00",
2018-04-20,41.9,41.9,41.9,40.5,1,100,"4,190.00",
2018-04-25,40.4,35.1,40.4,41.9,4,400,"15,620.00",
2018-05-02,40,37,40,40.4,6,380,"14,739.90",
2018-05-03,40,35.6,40,40,2,7,253.6,
2018-05-08,40,35.6,37.2,40,6,450,"16,729.40",
2018-05-09,39,39,37.2,37.2,4,4,156,
2018-05-10,35.3,35.3,37.2,37.2,1,83,"2,929.90",
2018-05-14,38.9,35.6,36.4,37.2,5,496,"18,317.60",
2018-05-15,38.9,38.9,38.9,36.4,1,100,"3,890.00",
2018-05-22,38.4,38.4,38.9,38.9,1,10,384,
2018-05-24,38.4,38.4,38.9,38.9,1,10,384,
2018-05-28,38.5,31,38.4,38.9,6,450,"16,539.10",
2018-06-01,36.9,36.9,38.4,38.4,1,1,36.9,
2018-06-05,36.8,31.8,36.7,38.4,9,"1,147","37,275.40",
2018-06-06,36.6,36.5,36.7,36.7,4,27,985.7,
2018-06-07,36.5,36.5,36.7,36.7,1,2,73,
2018-06-08,35.6,35.6,36.7,36.7,4,15,534,
2018-06-11,35.8,35.8,36.7,36.7,2,51,"1,825.80",
2018-06-12,35.9,31.2,35.9,36.7,15,901,"31,403.30",
2018-06-13,35.9,35.9,35.9,35.9,1,1,35.9,
2018-06-14,37.5,32.5,37.5,35.9,3,206,"7,720.00",
2018-06-18,37.5,37.4,37.5,37.5,3,20,749,
2018-06-19,37.4,37.4,37.5,37.5,2,10,374,
2018-06-20,37.4,36.9,37.5,37.5,2,10,371.5,
2018-06-22,36,31,36,37.5,10,558,"18,941.50",
2018-06-29,34.9,34.9,36,36,1,1,34.9,
2018-07-02,34.9,34.9,36,36,1,8,279.2,
2018-07-11,38.5,35,37.4,36,9,260,"9,730.90",
2018-07-16,36.9,36.9,37.4,37.4,2,2,73.8,
2018-07-24,33.5,33,33.3,37.4,3,100,"3,325.00",
2018-07-25,33.2,32,32.5,33.3,6,354,"11,520.40",
2018-07-31,34.5,32,34.2,32.5,19,"1,967","65,249.90",
2018-08-01,35,34.2,34.8,34.2,2,400,"13,920.00",
2018-08-02,37,36,36.6,34.8,3,156,"5,716.00",
2018-08-03,37,37,37,36.6,1,100,"3,700.00",
2018-08-06,37,37,37,37,1,97,"3,589.00",
2018-08-07,38.5,34,37.5,37,7,330,"12,031.50",
2018-08-08,38.5,38.5,38.5,37.5,1,100,"3,850.00",
2018-08-13,38,38,38.5,38.5,5,5,190,
2018-08-15,35.2,35.1,35.2,38.5,3,173,"6,082.30",
2018-08-16,37.9,37,37.8,35.2,2,109,"4,123.00",
2018-08-27,37,37,37.8,37.8,1,1,37,
2018-08-30,36,36,37.8,37.8,1,2,72,
2018-09-03,36,36,36,37.8,3,285,"10,260.00",
2018-09-04,38,37.4,37.5,36,6,"2,875","107,803.50",
2018-09-05,34.7,34.7,37.5,37.5,1,1,34.7,
2018-09-06,38,37.5,37.9,37.5,3,209,"7,915.50",
2018-09-07,37,37,37.9,37.9,2,50,"1,850.00",
2018-09-10,38,38,37.9,37.9,1,1,38,
2018-09-11,38,38,38,37.9,1,100,"3,800.00",
2018-09-14,38,31.1,37.3,38,6,"1,000","37,300.00",
2018-09-17,37.8,36,37,37.3,5,969,"35,755.20",
2018-09-18,37.9,37.9,37.9,37,2,101,"3,827.90",
2018-09-19,37.8,35,37.8,37.9,4,459,"16,765.00",
2018-09-28,37,32.1,36.5,37.8,19,"3,780","137,493.80",
2018-10-01,37.8,37.8,37.8,36.5,1,100,"3,780.00",
2018-10-08,38,35,38,37.8,4,"526,543","20,004,734.00",
2018-10-12,35,35,38,38,1,50,"1,750.00",
2018-10-16,38,37,38,38,3,"780,163","29,646,031.00",
2018-10-18,37.8,37.8,38,38,2,2,75.6,
2018-10-23,38,37,38,38,10,"953,497","36,232,602.40",
2018-10-29,38,38,38,38,1,5,190,
2018-10-31,40,37.9,38,38,4,"341,411","12,974,013.40",
2018-11-01,40,32.2,37.7,38,11,821,"31,294.90",
2018-11-02,40,39.9,40,37.7,2,110,"4,399.20",
2018-11-07,38,38,40,40,1,30,"1,140.00",
2018-11-09,39.8,39.8,40,40,1,1,39.8,
2018-12-03,35.1,35.1,40,40,1,12,421.2,
2018-12-13,36,36,40,40,1,6,216,
2018-12-19,39.6,33.8,39.5,40,5,220,"8,125.00",
2018-12-28,36,36,39.5,39.5,1,5,180,
2018-12-31,40,36,39.9,39.5,10,500,"19,555.40",
