date,high,low,closing,open,trades,shares,turnover
2013-01-02,79,77.5,79,79,4,"1,723","135,150.50"
2013-01-03,81.8,80,80.3,79,3,617,"49,570.60"
2013-01-07,80,75.2,76.5,80.3,5,872,"66,750.40"
2013-01-08,75.3,75.3,75.3,76.5,1,18,"1,355.40"
2013-01-09,79,75.4,78.9,75.3,6,566,"44,091.30"
2013-01-10,75.4,75.4,75.4,78.9,1,5,377
2013-01-15,75.4,75.1,75.1,75.4,5,311,"23,389.50"
2013-01-16,79,75,77.5,75.1,5,564,"43,564.10"
2013-01-17,80,77.5,79.5,77.5,9,"1,873","148,476.50"
2013-01-18,80,72.2,73.2,79.5,10,"1,450","106,795.00"
2013-01-21,75.2,72.2,72.5,73.2,11,"1,263","92,001.70"
2013-01-22,77,72.1,76.8,72.5,9,"3,155","228,338.90"
2013-01-23,79.5,73.1,77.4,76.8,13,"3,600","276,398.00"
2013-01-24,79,75.2,79,77.4,7,"2,505","197,841.50"
2013-01-28,79,75,76.9,79,10,"2,495","187,730.50"
2013-01-29,78.7,73,77.4,76.9,11,956,"71,183.80"
2013-01-31,73,72,73,77.4,4,203,"14,670.80"
2013-02-01,76.9,72.1,73.6,73,2,317,"23,335.70"
2013-02-05,72.3,72.3,72.3,73.6,1,12,867.6
2013-02-07,78,73,73,72.3,4,410,"31,830.00"
2013-02-11,79.9,72.3,74.8,73,19,"2,993","226,710.20"
2013-02-12,78.9,73.4,78,74.8,4,351,"26,288.90"
2013-02-13,74.1,74,74.1,78,5,352,"26,062.00"
2013-02-14,75,74.2,74.2,74.1,2,128,"9,552.00"
2013-02-15,77,73.2,73.5,74.2,10,958,"70,391.60"
2013-02-18,73.5,73.4,73.4,73.5,7,525,"38,565.00"
2013-02-19,77.4,72,75.8,73.4,7,325,"24,118.60"
2013-02-20,72.6,72.3,72.4,75.8,19,"1,669","120,862.30"
2013-02-21,72.4,72.4,72.4,72.4,6,500,"36,200.00"
2013-02-22,72.3,72.2,72.2,72.4,4,785,"56,697.00"
2013-02-26,72.3,72.2,72.2,72.2,8,"1,087","78,565.50"
2013-02-27,75,72,75,72.2,11,"1,564","115,683.00"
2013-02-28,72,70.1,70.1,75,5,700,"49,470.00"
2013-03-01,72,70.1,70.1,70.1,4,380,"26,979.10"
2013-03-04,72.6,70.5,70.5,70.1,8,"1,833","132,312.50"
2013-03-05,70.6,70.6,70.6,70.5,1,209,"14,755.40"
2013-03-06,74.9,72,73,70.6,8,"11,700","859,025.20"
2013-03-07,74.8,71.1,74.8,73,6,"1,239","91,361.00"
2013-03-08,74.5,71.2,74,74.8,10,"56,817","4,076,185.20"
2013-03-11,78,74.8,77,74,33,"132,703","10,217,836.00"
2013-03-12,75,73,73.4,77,7,948,"69,344.20"
2013-03-13,75.6,73.2,73.5,73.4,5,"5,814","426,459.50"
2013-03-14,75.5,75.5,75.5,73.5,6,"8,934","674,517.00"
2013-03-15,74,73.6,73.6,75.5,5,599,"44,090.40"
2013-03-18,77,75.1,76.5,73.6,17,"31,544","2,413,303.50"
2013-03-19,78,73.5,74.3,76.5,9,"1,179","89,466.50"
2013-03-21,80,73.5,76.6,74.3,15,"3,125","238,640.50"
2013-03-22,80,75,75,76.6,6,"4,275","320,753.00"
2013-03-27,77,75,77,75,6,"2,440","187,049.00"
2013-03-28,78,75,76.6,77,5,"1,698","129,150.00"
2013-04-01,79.9,78,78.6,76.6,12,"4,772","377,904.00"
2013-04-02,82,78,79.2,78.6,8,"15,257","1,190,621.50"
2013-04-03,81,76,78.8,79.2,6,"1,162","91,619.50"
2013-04-04,81,77,77.7,78.8,3,570,"44,290.00"
2013-04-05,84.8,74.6,83,77.7,26,"4,591","367,855.40"
2013-04-08,84,78.1,78.8,83,20,"2,463","202,430.30"
2013-04-09,78.6,78.5,78.6,78.8,3,545,"42,783.50"
2013-04-10,84,79.5,83,78.6,20,"3,946","318,181.20"
2013-04-11,83.7,80,82.9,83,14,"1,529","125,723.20"
2013-04-16,84,81,83.3,82.9,5,821,"68,384.00"
2013-04-17,84.9,83,84.5,83.3,9,"2,600","219,540.00"
2013-04-18,85.5,81,82.1,84.5,10,"1,845","154,866.80"
2013-04-19,85.4,84,84,82.1,8,"6,957","584,393.60"
2013-04-22,85,80.2,81.9,84,24,"11,883","994,319.50"
2013-04-23,80.3,80,80,81.9,5,"2,500","200,080.30"
2013-04-24,84,80,82.4,80,4,243,"20,015.00"
2013-04-26,82.9,80,80.4,82.4,13,"15,351","1,235,413.60"
2013-04-29,83,80,81,80.4,3,733,"59,339.00"
2013-04-30,83.9,78,79.5,81,30,"3,697","295,383.40"
2013-05-02,80.5,78.2,79.2,79.5,11,793,"62,518.50"
2013-05-03,80,76.1,80,79.2,4,"6,298","503,811.40"
2013-05-06,83.8,77.2,79,80,13,"5,902","470,274.50"
2013-05-07,82,79,80.7,79,3,"3,142","248,714.00"
2013-05-08,85,78.6,79.1,80.7,25,"5,142","408,658.00"
2013-05-09,79.1,79.1,79.1,79.1,2,210,"16,611.00"
2013-05-10,79.6,79,79.3,79.1,7,"2,600","206,260.00"
2013-05-13,83.7,79,81.2,79.3,10,539,"43,757.20"
2013-05-14,83.6,79,82.3,81.2,5,740,"60,170.00"
2013-05-15,83.4,80.5,81.8,82.3,4,800,"65,170.00"
2013-05-16,84,79.2,83.3,81.8,19,"3,143","261,911.80"
2013-05-17,85,79.5,84.9,83.3,25,"5,228","438,845.50"
2013-05-20,85,80.1,83.9,84.9,32,"32,239","2,714,354.90"
2013-05-21,84.5,80.7,80.8,83.9,15,"1,423","115,779.30"
2013-05-22,84.3,80.7,80.7,80.8,7,533,"43,053.50"
2013-05-23,84.5,83.9,84.3,80.7,7,273,"23,002.40"
2013-05-27,84.7,84.7,84.7,84.3,1,1,84.7
2013-05-28,84.7,80.1,83.5,84.7,14,"1,082","88,958.10"
2013-05-29,84,80.1,82.7,83.5,10,766,"63,316.30"
2013-05-30,84.9,84.9,84.9,82.7,1,1,84.9
2013-05-31,85.5,82,82.1,84.9,12,"15,864","1,320,757.10"
2013-06-03,85,82,84.9,82.1,6,453,"37,735.60"
2013-06-04,82.1,82,82,84.9,2,215,"17,630.10"
2013-06-05,82,81,82,82,6,517,"42,393.00"
2013-06-06,84.8,84.8,84.8,82,3,9,763.2
2013-06-07,85,82.3,82.6,84.8,10,911,"76,408.00"
2013-06-10,84.9,43,82,82.6,12,"3,074","252,554.80"
2013-06-11,82,82,82,82,7,"7,732","634,024.00"
2013-06-12,82,80,82,82,3,501,"40,600.00"
2013-06-13,82.1,81,82,82,12,"7,009","574,256.40"
2013-06-14,83,80,82.8,82,9,"5,805","464,997.70"
2013-06-17,82.9,80,80,82.8,5,682,"54,572.90"
2013-06-18,80,78,80,80,17,"7,111","567,884.00"
2013-06-19,78.2,78,78.1,80,9,"1,074","83,847.20"
2013-06-20,81.9,78,78,78.1,3,"2,123","165,597.90"
2013-06-21,78,78,78,78,1,"3,000","234,000.00"
2013-06-24,83.3,78,83.3,78,6,"7,203","561,839.30"
2013-06-25,76.1,76,76,83.3,4,"1,200","91,220.00"
2013-06-26,77,76.5,76.5,76,3,244,"18,716.00"
2013-06-27,76.3,76,76.3,76.5,10,"1,099","83,778.20"
2013-06-28,80,80,80,76.3,1,200,"16,000.00"
2013-07-01,80.7,76.5,76.5,80,5,505,"38,852.50"
2013-07-02,77.6,76.2,76.4,76.5,13,"15,956","1,220,031.40"
2013-07-03,79.9,76.2,76.3,76.4,7,"3,505","267,395.10"
2013-07-04,75,75,75,76.3,1,146,"10,950.00"
2013-07-05,74,74,74,75,4,992,"73,408.00"
2013-07-09,74,74,74,74,1,50,"3,700.00"
2013-07-10,72,72,72,74,5,"3,918","282,096.00"
2013-07-11,72,72,72,72,1,243,"17,496.00"
2013-07-15,74,74,74,72,2,307,"22,718.00"
2013-07-16,86,80,83.3,74,201,"50,853","4,222,755.30"
2013-07-17,85,83.2,85,83.3,56,"5,983","507,564.20"
2013-07-18,84.9,84.5,84.9,85,16,"1,318","111,531.60"
2013-07-19,84.9,84,84.5,84.9,27,"25,612","2,163,503.20"
2013-07-23,84.5,83.9,84.4,84.5,47,"23,314","1,965,950.10"
2013-07-24,85,84,84.5,84.4,78,"86,082","7,275,464.40"
2013-07-25,75.1,64,75,84.5,63,"17,844","1,293,692.40"
2013-07-26,76,72,75.1,75,16,"5,741","430,615.70"
2013-07-29,75.3,72.6,73.5,75.1,9,"2,813","205,142.50"
2013-07-30,75,72.6,75,73.5,10,"3,043","221,912.20"
2013-07-31,73.6,73,73,75,16,"1,974","144,333.50"
2013-08-01,75,74.9,75,73,5,229,"17,173.10"
2013-08-02,75.2,75,75.2,75,8,"1,711","128,547.10"
2013-08-06,75,73.1,74.1,75.2,5,204,"15,112.60"
2013-08-07,76,73.5,74,74.1,25,"7,356","556,024.00"
2013-08-08,76.5,73.2,74.5,74,16,916,"69,502.50"
2013-08-12,76.4,73.2,74.9,74.5,9,305,"22,698.50"
2013-08-13,76,73,76,74.9,9,"1,706","127,760.40"
2013-08-14,73.2,73,73,76,8,"2,718","198,480.10"
2013-08-16,75.8,73,74.4,73,8,453,"33,633.70"
2013-08-21,73,73,73,74.4,2,"2,752","200,896.00"
2013-08-22,74.3,73,73,73,5,252,"18,397.30"
2013-08-23,73,73,73,73,3,383,"27,959.00"
2013-08-26,73,73,73,73,5,498,"36,354.00"
2013-08-27,73,70,71.3,73,6,747,"53,258.00"
2013-08-28,73,70.2,71.9,71.3,21,"3,196","224,991.20"
2013-08-29,70.6,70,70.5,71.9,24,"3,225","226,934.50"
2013-08-30,70.5,70.1,70.1,70.5,7,"1,300","91,130.40"
2013-09-02,72.7,70.2,72.7,70.1,9,"9,529","669,098.80"
2013-09-03,70.1,70,70,72.7,17,"6,748","472,461.00"
2013-09-05,70,68.1,70,70,3,505,"35,340.50"
2013-09-09,70,68.1,70,70,4,942,"65,666.40"
2013-09-10,72.4,70,72.4,70,12,"1,784","126,388.80"
2013-09-11,74.5,70,73.5,72.4,7,448,"32,265.00"
2013-09-12,76.8,71,71.2,73.5,12,"5,371","382,187.80"
2013-09-13,71.1,70.5,70.6,71.2,7,"2,411","170,118.70"
2013-09-16,70.6,70.5,70.5,70.6,3,156,"10,998.30"
2013-09-17,72.8,70.5,70.8,70.5,3,60,"4,253.00"
2013-09-18,70.5,70.5,70.5,70.8,1,214,"15,087.00"
2013-09-20,70.6,70.6,70.6,70.5,1,9,635.4
2013-09-23,73.7,70.6,73.4,70.6,6,421,"29,768.10"
2013-09-24,73.6,70,70.1,73.4,31,"45,420","3,183,293.00"
2013-09-25,72.8,70,70.2,70.1,3,193,"13,540.20"
2013-09-26,71,69,69.3,70.2,6,"1,000","69,307.00"
2013-09-27,72,69.1,69.5,69.3,11,"3,075","213,831.00"
2013-09-30,70,70,70,69.5,4,"1,037","72,590.00"
2013-10-01,73.5,71.9,72.7,70,11,"19,174","1,393,077.00"
2013-10-02,70.1,70.1,70.1,72.7,1,1,70.1
2013-10-03,74.8,70.2,72.9,70.1,6,"1,060","77,318.40"
2013-10-04,75,70.2,74.8,72.9,6,279,"20,863.70"
2013-10-07,79,75,75.6,74.8,18,"3,492","265,118.10"
2013-10-08,75,75,75,75.6,1,1,75
2013-10-09,74.4,71.3,74.4,75,8,501,"36,078.50"
2013-10-10,77.5,74.5,76,74.4,4,100,"7,598.40"
2013-10-11,76,72,76,76,5,260,"18,821.00"
2013-10-14,76,72,74.6,76,10,682,"50,915.40"
2013-10-15,75,71.5,73.2,74.6,12,"3,975","291,047.10"
2013-10-17,73.3,71.7,72.8,73.2,9,"2,993","217,309.40"
2013-10-21,71.6,71.4,71.4,72.8,7,468,"33,442.70"
2013-10-22,73.5,71,72.4,71.4,3,200,"14,488.80"
2013-10-23,71.5,70,70.5,72.4,28,"42,032","2,948,022.00"
2013-10-24,72.5,72,72,70.5,2,"7,000","506,500.00"
2013-10-25,73,70.5,72.1,72,6,348,"25,081.00"
2013-10-28,71,70.9,71,72.1,8,268,"19,025.00"
2013-10-29,71.2,71.1,71.2,71,5,200,"14,223.00"
2013-10-30,71.2,71,71.2,71.2,10,"1,362","96,817.40"
2013-10-31,71.2,71.1,71.2,71.2,3,"1,400","99,640.00"
2013-11-01,71.2,71.1,71.2,71.2,3,426,"30,311.20"
2013-11-04,71.5,71.2,71.5,71.2,7,501,"35,820.30"
2013-11-05,71.6,71.5,71.6,71.5,10,"1,032","73,888.60"
2013-11-06,73.6,73.6,73.6,71.6,1,10,736
2013-11-07,71.8,71.7,71.7,73.6,5,508,"36,424.60"
2013-11-08,75,73,73,71.7,24,"8,500","621,453.40"
2013-11-11,75.2,74.4,75.1,73,53,"34,202","2,565,925.90"
2013-11-12,75,75,75,75.1,14,"10,220","766,500.00"
2013-11-13,75.8,72,73.1,75,3,362,"26,454.00"
2013-11-14,76.4,75.9,76,73.1,25,"7,761","589,830.40"
2013-11-15,76,76,76,76,10,"2,554","194,104.00"
2013-11-18,76,75,75,76,4,"2,097","157,372.00"
2013-11-19,75.5,73,75.3,75,2,"1,100","82,800.00"
2013-11-20,75.5,74,74,75.3,5,"1,007","75,105.50"
2013-11-21,76,75.5,75.6,74,3,"1,147","86,672.00"
2013-11-22,74,74,74,75.6,1,5,370
2013-11-25,75,74,75,74,5,"2,417","181,158.00"
2013-11-26,75.5,75,75.5,75,2,70,"5,280.00"
2013-11-27,76,75.5,75.6,75.5,5,"5,753","436,226.50"
2013-11-28,75.5,75.5,75.5,75.6,3,"2,000","151,000.00"
2013-11-29,75.5,75.5,75.5,75.5,1,1,75.5
2013-12-02,76,75.6,76,75.5,2,110,"8,320.00"
2013-12-03,76.4,75.6,76.4,76,13,"1,379","105,270.60"
2013-12-04,75.6,75,75.4,76.4,9,"11,730","884,698.00"
2013-12-06,75.1,75.1,75.1,75.4,3,489,"36,723.90"
2013-12-09,75.1,75,75.1,75.1,6,"7,511","563,876.10"
2013-12-10,75.1,75,75.1,75.1,18,"25,500","1,913,850.00"
2013-12-11,76.8,75.6,75.7,75.1,5,708,"53,774.10"
2013-12-12,76.9,75.6,75.6,75.7,5,879,"66,582.30"
2013-12-13,76.9,75.6,76.9,75.6,3,411,"31,074.20"
2013-12-17,76.1,76.1,76.1,76.9,1,100,"7,610.00"
2013-12-19,78.1,76.9,78.1,76.1,3,200,"15,615.20"
2013-12-26,80,78,79.8,78.1,11,177,"14,077.50"
2013-12-27,85.5,82,85.2,79.8,13,"4,229","357,941.50"
2013-12-30,85.1,80.2,81.4,85.2,10,"1,037","86,715.00"
2013-12-31,85.3,84.5,84.7,81.4,17,"2,673","226,853.30"
2014-01-02,85,80.5,85,84.7,2,400,"33,100.00"
2014-01-03,85,85,85,85,1,150,"12,750.00"
2014-01-06,81.6,81.5,81.5,85,2,85,"6,927.70"
2014-01-07,88,81.2,88,81.5,16,"1,356","116,945.10"
2014-01-08,90.7,87.5,89.9,88,16,"2,302","206,646.30"
2014-01-09,95,89.8,92.9,89.9,22,"4,560","415,247.00"
2014-01-10,93.9,81.4,93.5,92.9,20,"6,478","605,009.20"
2014-01-16,96,93.4,95.6,93.5,63,"12,625","1,202,313.30"
2014-01-17,97.8,95,96.1,95.6,14,"1,820","176,747.80"
2014-01-20,96.4,87.5,87.7,96.1,32,"7,300","641,969.00"
2014-01-21,89.9,85.1,86,87.7,17,"8,789","756,640.90"
2014-01-22,89.8,86,87.1,86,14,"23,698","2,039,771.10"
2014-01-27,89.9,85,89.9,87.1,4,118,"10,534.70"
2014-01-29,89,89,89,89.9,1,12,"1,068.00"
2014-01-31,89,89,89,89,2,100,"8,900.00"
2014-02-05,88.6,80.5,82,89,13,"1,587","131,389.40"
2014-02-06,82,82,82,82,3,"3,700","303,400.00"
2014-02-07,84.9,81.4,84.9,82,7,324,"26,436.30"
2014-02-10,83,82,82,84.9,5,"2,410","197,621.00"
2014-02-11,81.7,81.7,81.7,82,1,100,"8,170.00"
2014-02-12,83,83,83,81.7,1,1,83
2014-02-13,85,84.8,85,83,13,"27,675","2,352,371.20"
2014-02-17,85,85,85,85,4,62,"5,270.00"
2014-02-18,85,84.9,84.9,85,2,148,"12,579.00"
2014-02-19,81,80,80.2,84.9,7,"1,019","81,680.60"
2014-02-20,80.2,80,80.1,80.2,4,999,"79,980.00"
2014-02-24,78,78,78,80.1,1,152,"11,856.00"
2014-02-25,83,83,83,78,2,12,996
2014-02-26,85,85,85,83,1,1,85
2014-03-03,83.9,83.9,83.9,85,3,4,335.6
2014-03-04,80,80,80,83.9,1,100,"8,000.00"
2014-03-05,80,80,80,80,2,327,"26,160.00"
2014-03-06,84.9,83.8,84.9,80,5,307,"25,782.20"
2014-03-07,84,84,84,84.9,3,3,252
2014-03-11,84,84,84,84,6,58,"4,872.00"
2014-03-12,83.1,81,82,84,4,"1,029","84,383.50"
2014-03-13,84,83,83.6,82,5,7,585.8
2014-03-18,78,77.3,78,83.6,5,"2,900","225,920.00"
2014-03-19,78.1,78.1,78.1,78,1,6,468.6
2014-03-20,78.6,78,78,78.1,7,"3,421","266,916.10"
2014-03-21,83.4,78.2,83.4,78,7,242,"20,177.50"
2014-03-24,83.4,78.6,83.3,83.4,2,102,"8,497.20"
2014-03-25,82,78.7,82,83.3,2,101,"8,278.70"
2014-03-26,83.4,83.3,83.4,82,2,353,"29,439.90"
2014-03-27,84.8,84.8,84.8,83.4,1,50,"4,240.00"
2014-03-28,84.9,80,83.8,84.8,4,307,"25,718.80"
2014-04-02,81,80,80.2,83.8,8,"1,314","105,320.20"
2014-04-03,82,80,82,80.2,3,"1,393","112,036.00"
2014-04-04,81,81,81,82,1,80,"6,480.00"
2014-04-07,80.2,80.2,80.2,81,1,132,"10,586.40"
2014-04-08,80.2,80.2,80.2,80.2,9,"4,969","398,513.80"
2014-04-09,82.6,80.1,80.2,80.2,3,307,"24,628.20"
2014-04-10,80.2,80.2,80.2,80.2,3,300,"24,060.00"
2014-04-11,79,78.6,78.8,80.2,2,192,"15,131.20"
2014-04-16,79.6,79.6,79.6,78.8,1,1,79.6
2014-04-21,79.1,79,79.1,79.6,4,"1,258","99,482.00"
2014-04-22,79.1,79,79,79.1,6,"2,400","189,712.00"
2014-04-23,81.9,78.5,78.5,79,8,"1,367","107,731.00"
2014-04-24,77.5,77.4,77.5,78.5,2,150,"11,620.00"
2014-04-28,81.4,76.2,81.4,77.5,8,"1,872","144,462.40"
2014-04-29,85,78.6,81.3,81.4,17,"4,832","401,689.40"
2014-04-30,84,78,83.8,81.3,6,"4,100","336,282.00"
2014-05-02,85,78.4,83.3,83.8,13,"2,794","233,010.20"
2014-05-05,85,84,84.8,83.3,4,200,"16,957.00"
2014-05-06,80,80,80,84.8,6,"1,001","80,080.00"
2014-05-07,81,80,80,80,11,"13,100","1,049,100.00"
2014-05-08,81,81,81,80,1,100,"8,100.00"
2014-05-09,84,83.4,83.9,81,5,500,"41,948.20"
2014-05-12,84,81.4,82,83.9,15,"1,308","109,696.70"
2014-05-13,81.5,81.3,81.4,82,3,292,"23,769.60"
2014-05-19,81.3,81,81.1,81.4,5,680,"55,152.00"
2014-05-20,81,80,80,81.1,8,"4,290","343,297.50"
2014-05-21,80.5,80.2,80.2,80,3,173,"13,886.30"
2014-05-22,80.1,80.1,80.1,80.2,2,415,"33,241.50"
2014-05-23,83,81,82.9,80.1,9,"3,274","270,994.00"
2014-05-26,84.1,80.1,81.7,82.9,10,"2,263","182,091.30"
2014-05-27,83.9,80.2,82,81.7,3,190,"15,571.00"
2014-05-28,84,84,84,82,1,134,"11,256.00"
2014-05-30,83.6,80.5,83,84,3,919,"76,260.50"
2014-06-02,88,83.7,85.2,83,20,"8,827","749,363.90"
2014-06-04,84,84,84,85.2,2,103,"8,652.00"
2014-06-05,86.7,81.1,84.2,84,10,"1,209","101,760.10"
2014-06-06,84.2,84.2,84.2,84.2,2,2,168.4
2014-06-09,88,84.2,87.2,84.2,5,534,"46,542.80"
2014-06-10,85,84.2,84.2,87.2,3,"3,500","294,740.00"
2014-06-11,84.2,84.2,84.2,84.2,8,"5,906","497,285.20"
2014-06-13,87.5,86.9,87.4,84.2,10,"3,059","267,329.80"
2014-06-16,87.5,85,87.5,87.4,6,"1,202","104,914.50"
2014-06-18,87.4,87.3,87.4,87.5,4,505,"44,130.20"
2014-06-19,87.9,85,87.9,87.4,3,226,"19,836.40"
2014-06-20,87.9,84.2,87.9,87.9,4,160,"13,486.50"
2014-06-24,87.7,87.7,87.7,87.9,1,2,175.4
2014-06-26,87.7,87.7,87.7,87.7,2,100,"8,770.00"
2014-06-27,90,87.7,88.9,87.7,14,"3,889","342,007.60"
2014-06-30,90,87,89.9,88.9,12,353,"31,590.10"
2014-07-01,90,87,89.4,89.9,11,"1,218","108,873.50"
2014-07-02,99,85.2,90,89.4,28,"4,089","370,788.50"
2014-07-03,94.9,90,94.6,90,7,"1,138","107,659.20"
2014-07-07,94.9,90.1,93.5,94.6,4,202,"18,885.00"
2014-07-08,94.8,90.1,94.8,93.5,9,204,"18,884.50"
2014-07-09,95,90.1,92.9,94.8,4,350,"32,504.70"
2014-07-10,95,94.8,95,92.9,9,"1,000","94,997.60"
2014-07-11,91.1,90,90,95,11,"8,055","725,200.00"
2014-07-14,95,90,90,90,11,"2,532","228,254.80"
2014-07-15,94.6,90,90.3,90,12,"3,381","305,270.00"
2014-07-16,90.1,90,90.1,90.3,8,"5,300","477,030.00"
2014-07-17,94.5,90.3,92.3,90.1,3,137,"12,640.50"
2014-07-18,92.5,90.6,90.6,92.3,3,320,"28,993.90"
2014-07-21,94.3,94.3,94.3,90.6,1,1,94.3
2014-07-22,93.9,90.6,93.8,94.3,5,737,"67,622.70"
2014-07-23,94,93.9,93.9,93.8,2,500,"46,970.30"
2014-07-25,91,91,91,93.9,1,286,"26,026.00"
2014-07-28,91.1,90.6,91.1,91,4,"1,194","108,601.40"
2014-07-30,92,92,92,91.1,3,45,"4,140.00"
2014-07-31,94,92,94,92,5,"3,000","279,249.00"
2014-08-01,94,91.1,92.8,94,6,887,"82,321.10"
2014-08-05,94,91.1,93.7,92.8,10,"1,008","93,431.80"
2014-08-06,92.5,91.1,92.5,93.7,4,"8,300","767,330.00"
2014-08-07,94,92,94,92.5,6,302,"28,179.00"
2014-08-08,100,92,99.2,94,9,"1,508","140,643.90"
2014-08-11,98.4,93.1,93.1,99.2,3,318,"29,621.10"
2014-08-12,98.4,93.1,93.1,93.1,2,101,"9,933.10"
2014-08-13,98.4,93.2,98,93.1,10,167,"16,369.60"
2014-08-14,98.4,91,91,98,43,"24,143","2,248,164.90"
2014-08-15,92,91,92,91,10,"5,354","491,184.50"
2014-08-18,94,90.5,90.5,92,8,651,"59,854.00"
2014-08-19,90.5,90,90.1,90.5,10,"10,632","957,966.50"
2014-08-20,90,90,90,90.1,12,"5,269","474,210.00"
2014-08-21,90,89.9,90,90,2,205,"18,430.00"
2014-08-22,89.9,89.9,89.9,90,1,20,"1,798.00"
2014-08-25,90,89.8,89.9,89.9,5,"1,190","106,998.00"
2014-08-26,89.9,89.8,89.8,89.9,4,"1,390","124,872.00"
2014-08-27,90,89.7,89.7,89.8,8,"1,006","90,536.10"
2014-08-28,90,89.6,89.9,89.7,5,"1,255","112,878.00"
2014-08-29,90,89.5,89.6,89.9,3,"1,195","107,142.00"
2014-09-01,88.1,88.1,88.1,89.6,4,701,"61,758.10"
2014-09-02,89.9,87.1,87.8,88.1,6,612,"53,712.00"
2014-09-03,87.1,86,86,87.8,8,"2,560","221,666.00"
2014-09-04,89.9,83.9,89.9,86,4,206,"18,487.50"
2014-09-05,89.9,84,85.9,89.9,5,334,"28,699.60"
2014-09-09,89.9,86,87,85.9,5,214,"18,933.00"
2014-09-11,89,87.9,88,87,4,"13,952","1,227,785.00"
2014-09-12,86,85,85,88,12,"4,394","373,690.00"
2014-09-15,85,85,85,85,2,"2,116","179,860.00"
2014-09-16,85,84,84.1,85,10,"1,464","123,162.90"
2014-09-17,85,84,84,84.1,4,"1,078","90,759.80"
2014-09-18,84,84,84,84,3,701,"58,884.00"
2014-09-19,85,84.9,85,84,4,"15,000","1,274,950.00"
2014-09-22,85,85,85,85,1,10,850
2014-09-23,83.8,83.8,83.8,85,1,1,83.8
2014-09-24,83.8,82.1,82.7,83.8,20,"3,403","281,374.00"
2014-09-25,82.1,82.1,82.1,82.7,1,1,82.1
2014-09-26,86.8,82,82,82.1,44,"200,161","16,448,705.10"
2014-09-29,84,80.5,81,82,25,"15,276","1,239,155.60"
2014-09-30,83,81,83,81,5,"3,200","263,890.00"
2014-10-01,82.5,82.1,82.4,83,9,"1,520","125,124.00"
2014-10-02,82.2,82.1,82.2,82.4,6,200,"16,430.00"
2014-10-03,82.2,82,82,82.2,11,607,"49,808.30"
2014-10-07,82.2,82.2,82.2,82,3,"2,583","212,322.60"
2014-10-09,87,82.2,85.5,82.2,17,"1,616","137,139.90"
2014-10-10,87.5,87.5,87.5,85.5,1,10,875
2014-10-13,84,80.5,83.4,87.5,22,"21,985","1,802,928.50"
2014-10-14,82,80.3,80.6,83.4,11,"2,075","167,935.70"
2014-10-15,84,82,82.3,80.6,11,"9,514","786,344.00"
2014-10-16,83,82,82,82.3,7,"63,921","5,241,542.00"
2014-10-17,85,81.1,83.1,82,29,"21,516","1,791,239.40"
2014-10-20,85,84,84,83.1,20,"20,304","1,708,536.00"
2014-10-21,84.1,84,84,84,6,"1,704","143,166.00"
2014-10-23,84,84,84,84,5,"22,115","1,857,660.00"
2014-10-24,85,84.2,84.7,84,10,"1,367","115,221.60"
2014-10-27,86,85.1,85.8,84.7,11,"1,166","99,991.10"
2014-10-28,88.1,85.1,86.3,85.8,13,965,"83,787.70"
2014-10-29,88,87.9,88,86.3,6,"3,300","290,374.00"
2014-10-30,90.9,88,90,88,28,"142,007","12,771,142.90"
2014-10-31,91,90,90,90,22,"29,155","2,626,831.20"
2014-11-03,91,90.5,90.7,90,15,"11,064","1,002,520.40"
2014-11-04,91,90,91,90.7,4,653,"59,233.00"
2014-11-05,90,88,90,91,7,693,"61,142.00"
2014-11-07,90,88.2,90,90,6,482,"43,229.00"
2014-11-10,90.5,89.1,90.5,90,5,612,"55,382.60"
2014-11-11,88.1,88.1,88.1,90.5,2,200,"17,620.00"
2014-11-12,88.1,88,88.1,88.1,3,"2,300","202,410.00"
2014-11-13,88.5,88,88,88.1,6,"3,564","313,684.50"
2014-11-14,88.9,87.8,88.8,88,10,"3,666","322,678.00"
2014-11-17,88.9,87,87.9,88.8,8,"5,226","459,862.00"
2014-11-18,88,88,88,87.9,7,"4,800","422,400.00"
2014-11-19,88.9,88,88.1,88,7,"4,680","412,024.50"
2014-11-20,88.8,88,88,88.1,3,"2,794","245,872.80"
2014-11-21,88,87,87,88,10,"8,500","744,502.00"
2014-11-24,87,86,86.6,87,12,"11,359","987,374.00"
2014-11-25,88,86,86,86.6,7,"1,602","139,840.90"
2014-11-26,90,84.1,88.2,86,3,501,"44,194.10"
2014-11-27,90,90,90,88.2,1,200,"18,000.00"
2014-12-02,88,88,88,90,2,100,"8,800.00"
2014-12-03,89,89,89,88,2,379,"33,731.00"
2014-12-04,86,82,86,89,19,"2,217","185,318.00"
2014-12-05,86,86,86,86,1,2,172
2014-12-09,82.1,82.1,82.1,86,1,10,821
2014-12-12,85,80,85,82.1,2,102,"8,660.00"
2014-12-18,88,80,87.9,85,4,76,"6,655.00"
2014-12-24,89.4,89.4,89.4,87.9,8,325,"29,055.00"
2015-01-02,88.5,83,85.1,89.4,10,"3,392","288,758.00"
2015-01-06,85.1,85.1,85.1,85.1,1,"1,000","85,100.00"
2015-01-12,85,85,85,85.1,1,"1,000","85,000.00"
2015-01-13,88.4,83.5,88,85,9,"1,630","138,820.60"
2015-01-19,85,85,85,88,3,708,"60,180.00"
2015-01-21,87,87,87,85,1,1,87
2015-01-22,85,85,85,87,1,100,"8,500.00"
2015-01-23,85,85,85,85,2,201,"17,085.00"
2015-01-26,89.5,85,86.1,85,9,"2,111","181,168.50"
2015-01-27,85.6,85.6,85.6,86.1,1,5,428
2015-01-28,90,88.8,90,85.6,40,"10,123","910,140.40"
2015-02-02,87,86,86,90,3,100,"8,603.00"
2015-02-09,86,86,86,86,1,3,258
2015-02-13,87.5,87.5,87.5,86,2,200,"17,500.00"
2015-02-16,87.5,83,84.5,87.5,7,"4,340","363,600.20"
2015-02-18,90,87.9,89.7,84.5,5,"2,803","251,520.30"
2015-02-20,88.8,81,82.9,89.7,12,"2,966","246,673.10"
2015-02-23,81,80,80,82.9,16,"2,187","175,368.00"
2015-02-24,84.5,82,84,80,4,408,"34,070.50"
2015-02-25,84.9,84,84.9,84,4,"1,300","110,352.00"
2015-02-26,86.7,84.9,85.5,84.9,5,712,"60,853.60"
2015-03-02,86,80.4,82.3,85.5,15,"1,720","141,066.80"
2015-03-03,80.5,80.5,80.5,82.3,1,1,80.5
2015-03-04,84.8,84.8,84.8,80.5,1,1,84.8
2015-03-06,84,84,84,84.8,1,5,420
2015-03-09,80.4,80.4,80.4,84,2,129,"10,371.60"
2015-03-10,80.5,79.7,80,80.4,6,"1,821","146,218.60"
2015-03-11,83.8,83.8,83.8,80,1,1,83.8
2015-03-23,81,75.2,81,83.8,12,"1,271","101,529.70"
2015-03-24,76.1,76,76,81,2,94,"7,148.00"
2015-03-25,76.5,76,76,76,3,742,"56,514.00"
2015-03-30,76,72.1,72.2,76,5,702,"52,605.00"
2015-03-31,72.2,70,70.9,72.2,6,446,"31,861.00"
2015-04-02,77,77,77,70.9,2,"1,002","77,154.00"
2015-04-07,71.2,71.1,71.1,77,2,122,"8,679.20"
2015-04-08,70.3,70.3,70.3,71.1,2,100,"7,030.00"
2015-04-09,71,71,71,70.3,1,104,"7,384.00"
2015-04-10,75.1,75,75,71,5,"2,200","165,010.00"
2015-04-16,78,73.1,78,75,3,170,"12,813.00"
2015-04-21,77.9,77.4,77.5,78,3,20,"1,550.20"
2015-04-24,73.5,73.5,73.5,77.5,1,1,73.5
2015-04-27,73.5,73.4,73.4,73.5,2,15,"1,101.40"
2015-04-28,75,73.5,75,73.4,3,"1,100","81,750.00"
2015-04-29,77,75,76,75,8,"2,739","207,803.00"
2015-04-30,85,73.6,75,76,7,139,"10,607.50"
2015-05-05,75,75,75,75,3,"1,052","78,900.00"
2015-05-07,75.5,74,74.3,75,2,500,"37,150.00"
2015-05-08,76,76,76,74.3,1,100,"7,600.00"
2015-05-11,74,73.8,73.9,76,12,"1,112","82,212.90"
2015-05-12,75,74,74.3,73.9,2,200,"14,850.00"
2015-05-14,74.3,74,74.2,74.3,3,54,"4,010.70"
2015-05-15,74,73.2,73.4,74.2,4,82,"6,019.80"
2015-05-18,73.2,70,70,73.4,10,"2,300","162,533.20"
2015-05-19,78,73,77.7,70,5,"1,268","96,709.00"
2015-05-20,77.6,77.6,77.6,77.7,2,2,155.2
2015-05-21,75,74,74,77.6,2,150,"11,150.00"
2015-05-22,76.8,76.8,76.8,74,2,43,"3,302.40"
2015-05-26,75,71.5,72.5,76.8,10,"1,452","106,765.30"
2015-05-27,71.3,71.3,71.3,72.5,1,96,"6,844.80"
2015-05-28,71.2,71.2,71.2,71.3,4,478,"34,033.60"
2015-06-03,73,72.1,72.2,71.2,2,13,938.2
2015-06-04,72.2,72.2,72.2,72.2,1,50,"3,610.00"
2015-06-05,74.9,73,73,72.2,5,"2,550","186,245.00"
2015-06-08,72.6,70.1,71.3,73,4,180,"12,831.50"
2015-06-09,72,70,70,71.3,7,"1,043","73,082.30"
2015-06-11,70,70,70,70,1,20,"1,400.00"
2015-06-15,68.9,68.8,68.8,70,3,105,"7,225.00"
2015-06-16,70,68.7,70,68.8,4,202,"14,138.70"
2015-06-17,70,68.7,70,70,2,2,138.7
2015-06-18,70,70,70,70,1,1,70
2015-06-19,70,70,70,70,6,269,"18,830.00"
2015-06-22,70,69.8,69.9,70,5,123,"8,595.40"
2015-06-23,69.1,68.5,68.7,69.9,7,200,"13,740.60"
2015-06-24,69.8,69.8,68.7,68.7,1,1,69.8
2015-06-25,69.8,69.8,68.7,68.7,1,1,69.8
2015-06-26,69.8,68.6,68.7,68.7,3,3,208.2
2015-06-30,76.4,76,76,68.7,2,101,"7,676.40"
2015-07-03,72.1,61,65.9,76,9,145,"9,830.00"
2015-07-06,65,65,65.9,65.9,1,2,130
2015-07-09,71.5,71.5,65.9,65.9,1,1,71.5
2015-07-10,72,66,65.9,65.9,2,51,"3,372.00"
2015-07-13,77,70,73.8,65.9,94,"28,181","2,081,863.90"
2015-07-14,73,68,68.5,73.8,43,"20,774","1,465,454.50"
2015-07-15,71,71,68.5,68.5,1,1,71
2015-07-16,71.5,68.2,68.3,68.5,9,"2,020","138,119.00"
2015-07-17,71,70.4,71,68.3,20,"1,738","123,240.40"
2015-07-20,71.5,70.1,70.1,71,8,"1,492","104,590.60"
2015-07-21,70,69.1,69.2,70.1,6,"2,200","152,524.00"
2015-07-22,70,69.9,70,69.2,14,"1,003","70,209.70"
2015-07-23,72.5,70.9,71,70,7,"1,118","79,381.30"
2015-07-24,72.9,71,71,71,10,416,"29,843.60"
2015-07-27,71,70.4,70.5,71,6,500,"35,265.40"
2015-07-28,72,70.5,71.5,70.5,7,"3,701","264,972.00"
2015-07-30,70.2,70.1,70.1,71.5,9,"1,621","113,642.10"
2015-08-03,70.1,70.1,70.1,70.1,1,100,"7,010.00"
2015-08-04,70.2,70.1,70.2,70.1,8,816,"57,272.60"
2015-08-05,72.8,72.5,72.5,70.2,7,670,"48,605.00"
2015-08-06,72.5,71,71,72.5,5,105,"7,459.50"
2015-08-07,71.1,71.1,71.1,71,4,873,"62,070.30"
2015-08-10,71,70,70.7,71.1,8,239,"16,891.00"
2015-08-11,71,70.7,70.7,70.7,2,12,851.4
2015-08-12,71,71,71,70.7,2,309,"21,939.00"
2015-08-13,71.1,70.5,70.7,71,4,232,"16,396.10"
2015-08-14,70.6,70,70.2,70.7,4,"1,000","70,172.50"
2015-08-17,71,70.8,70.8,70.2,3,401,"28,391.00"
2015-08-18,71,70,70,70.8,12,"4,093","286,871.00"
2015-08-19,71,71,70,70,2,25,"1,775.00"
2015-08-20,69.2,69.2,69.2,70,1,100,"6,920.00"
2015-08-21,69.5,69.2,69.3,69.2,3,600,"41,566.70"
2015-08-24,69.1,68.5,68.6,69.3,11,"1,888","129,597.80"
2015-08-26,69.4,69.4,68.6,68.6,1,1,69.4
2015-08-27,67.4,65,66.1,68.6,20,"1,762","116,616.40"
2015-08-28,66,66,66,66.1,1,500,"33,000.00"
2015-09-01,68,68,68,66,3,259,"17,612.00"
2015-09-03,68,66,67.5,68,10,"3,620","242,235.00"
2015-09-07,66.5,66.5,66.5,67.5,3,202,"13,433.00"
2015-09-08,68,66.1,67.9,66.5,11,"4,573","306,383.10"
2015-09-09,71,68.3,70.7,67.9,15,"6,661","465,402.80"
2015-09-10,73,72,72,70.7,13,"6,917","499,074.00"
2015-09-11,75,70.2,73.5,72,19,"2,863","211,880.40"
2015-09-14,75,70,72.8,73.5,8,"1,211","88,143.90"
2015-09-15,73.9,73.9,73.9,72.8,3,103,"7,611.70"
2015-09-16,73,70,70.1,73.9,11,"2,422","170,295.00"
2015-09-18,73.4,70,70,70.1,3,"4,003","280,220.10"
2015-09-21,73.4,73.4,70,70,1,1,73.4
2015-09-22,70,70,70,70,2,51,"3,570.00"
2015-09-23,71.5,68.6,69.9,70,7,852,"59,433.00"
2015-09-25,68.5,68,68,69.9,3,400,"27,300.00"
2015-09-28,68,67.1,67.5,68,4,109,"7,356.20"
2015-09-29,68.5,67.1,67.1,67.5,6,301,"20,480.10"
2015-10-02,70,69,69.6,67.1,10,"1,399","97,331.00"
2015-10-06,68,68,68,69.6,2,198,"13,464.00"
2015-10-07,70,70,70,68,3,150,"10,500.00"
2015-10-08,68,67,67.1,70,9,999,"67,128.00"
2015-10-09,67,67,67.1,67.1,2,11,737
2015-10-12,68,68,67.1,67.1,1,1,68
2015-10-13,66.2,66.2,67.1,67.1,1,1,66.2
2015-10-14,67.5,65.7,65.7,67.1,16,"1,855","122,059.40"
2015-10-15,65.6,65,65.3,65.7,9,"1,025","66,935.00"
2015-10-16,65,65,65,65.3,3,475,"30,875.00"
2015-10-19,67,65,66,65,2,100,"6,600.00"
2015-10-20,68.9,68,68.5,66,2,186,"12,738.00"
2015-10-22,66,66,68.5,68.5,3,3,198
2015-10-23,69,69,68.5,68.5,1,1,69
2015-10-29,67.5,67.5,68.5,68.5,1,1,67.5
2015-11-04,67,60,60.3,68.5,38,"6,492","391,441.70"
2015-11-05,62,62,62,60.3,6,"1,998","123,876.00"
2015-11-06,63.9,63.8,63.9,62,3,150,"9,580.00"
2015-11-11,61,60,60.1,63.9,4,"1,000","60,104.00"
2015-11-13,61,61,60.1,60.1,1,10,610
2015-11-16,60,59.3,60,60.1,7,"1,120","66,923.60"
2015-11-17,60.1,60,60.1,60,3,523,"31,391.30"
2015-11-18,63,63,63,60.1,1,"2,000","126,000.00"
2015-11-19,62,61,62,63,2,"22,011","1,364,671.00"
2015-11-20,65,60.5,60.6,62,9,511,"30,968.00"
2015-11-24,61.7,61.7,61.7,60.6,1,100,"6,170.00"
2015-11-26,63.9,63.9,63.9,61.7,1,"2,000","127,800.00"
2015-11-27,61.2,61.1,63.9,63.9,2,50,"3,056.00"
2015-11-30,61,61,63.9,63.9,1,50,"3,050.00"
2015-12-02,64.8,60.6,60.6,63.9,6,"2,756","167,044.60"
2015-12-04,63.9,63.9,63.9,60.6,1,"3,000","191,700.00"
2015-12-07,60.8,60.6,63.9,63.9,2,50,"3,032.00"
2015-12-08,60.6,60.6,63.9,63.9,1,2,121.2
2015-12-09,62.5,62,63.9,63.9,2,49,"3,042.50"
2015-12-10,60.6,60.6,63.9,63.9,1,1,60.6
2015-12-11,60.6,60.6,63.9,63.9,4,62,"3,757.20"
2015-12-14,60.6,60.6,60.6,63.9,2,107,"6,484.20"
2015-12-16,60.6,60.6,60.6,60.6,1,3,181.8
2015-12-18,62,60.6,61.4,60.6,4,156,"9,582.70"
2015-12-21,61,60.6,61.4,61.4,2,59,"3,583.40"
2015-12-23,60.7,60.7,60.7,61.4,1,300,"18,210.00"
2015-12-28,60.6,60.5,60.5,60.7,4,"1,257","76,051.50"
2015-12-29,60.6,60.5,60.5,60.5,5,"7,900","477,958.00"
2015-12-30,60,60,60.5,60.5,3,51,"3,060.00"
2016-01-05,65,65,60.5,60.5,2,90,"5,850.00"
2016-01-06,60.4,60.3,60.5,60.5,3,93,"5,612.90"
2016-01-07,64,60,60.2,60.5,9,724,"43,635.70"
2016-01-12,59,59,59,60.2,6,"20,000","1,180,000.00"
2016-01-13,60,60,59,59,1,10,600
2016-01-18,57.6,57.5,57.5,59,2,350,"20,126.00"
2016-01-19,57,57,57,57.5,1,"5,000","285,000.00"
2016-01-20,56.7,56.7,57,57,2,60,"3,402.00"
2016-01-22,60,60,60,57,2,320,"19,200.00"
2016-01-26,58.1,58.1,60,60,1,1,58.1
2016-01-28,58.1,58.1,60,60,1,4,232.4
2016-01-29,59.9,59.9,60,60,1,5,299.5
2016-02-01,60,58,60,60,5,82,"4,857.20"
2016-02-02,72,58,58.1,60,2,119,"6,916.00"
2016-02-09,58.1,57.2,58.1,58.1,2,3,172.5
2016-02-10,60,60,58.1,58.1,1,20,"1,200.00"
2016-02-11,57.5,57.2,58.1,58.1,5,75,"4,307.40"
2016-02-15,57,52,58.1,58.1,6,61,"3,222.80"
2016-02-16,57,57,58.1,58.1,2,7,399
2016-02-17,57,56,57,58.1,4,646,"36,592.00"
2016-02-18,55,55,57,57,1,1,55
2016-02-23,57,57,57,57,1,100,"5,700.00"
2016-02-24,57,57,57,57,2,701,"39,957.00"
2016-02-25,59.8,59.8,57,57,1,5,299
2016-02-26,57,56,57,57,2,204,"11,624.00"
2016-02-29,51.5,51.5,57,57,1,2,103
2016-03-01,53.1,53.1,53.1,57,3,500,"26,550.00"
2016-03-02,53,53,53,53.1,1,500,"26,500.00"
2016-03-03,51.2,51,51.1,53,3,100,"5,109.00"
2016-03-11,57.9,57.9,51.1,51.1,2,17,984.3
2016-03-14,59,59,51.1,51.1,1,1,59
2016-03-16,60,59,60,51.1,5,"2,136","127,140.10"
2016-03-17,60,60,60,60,1,"1,000","60,000.00"
2016-03-21,60,58,60,60,4,"3,073","184,371.40"
2016-03-24,60,60,60,60,1,900,"54,000.00"
2016-03-28,60,58,59.5,60,10,"1,575","93,362.50"
2016-04-06,55.1,55,59.5,59.5,2,5,275.2
2016-04-07,65,65,59.5,59.5,2,34,"2,210.00"
2016-04-11,67,67,59.5,59.5,1,3,201
2016-04-15,66,66,59.5,59.5,1,12,792
2016-04-19,68,68,59.5,59.5,2,20,"1,360.00"
2016-04-22,64.9,64.9,59.5,59.5,1,40,"2,596.00"
2016-04-25,64,63,64,59.5,3,410,"26,238.00"
2016-04-26,65,65,65,64,2,"3,700","240,500.00"
2016-05-05,63.3,63.3,63.3,65,7,"10,200","645,660.00"
2016-05-06,63.3,62,62,63.3,13,"20,220","1,265,904.00"
2016-05-09,62.2,62,62,62,2,"2,182","135,304.00"
2016-05-10,67.1,65,66.8,62,7,"6,308","412,419.10"
2016-05-13,66.9,62.2,66.8,66.8,2,30,"1,870.70"
2016-05-16,66.3,65,66.3,66.8,4,"1,035","68,591.90"
2016-05-17,65,65,65,66.3,2,105,"6,825.00"
2016-05-18,66.9,65,65,65,4,357,"23,206.90"
2016-05-19,65.4,65,65,65,7,"5,134","333,789.00"
2016-05-20,65,64,65,65,2,505,"32,824.00"
2016-05-24,64,64,64,65,4,174,"11,136.00"
2016-05-25,66,66,64,64,2,51,"3,366.00"
2016-05-26,64.1,64,64,64,2,249,"15,946.00"
2016-05-30,64.1,64,64.1,64,7,"8,102","518,838.20"
2016-06-01,65.9,65.5,65.5,64.1,2,201,"13,165.90"
2016-06-03,67.5,65.9,65.5,65.5,2,2,133.4
2016-06-06,65,63.6,63.7,65.5,3,"1,505","95,865.00"
2016-06-09,63.6,63.6,63.7,63.7,1,5,318
2016-06-13,65,63.5,63.6,63.7,8,"1,052","66,886.50"
2016-06-14,65,64,64,63.6,2,105,"6,725.00"
2016-06-15,64.5,64.5,64,64,2,10,645
2016-06-16,63.5,63.5,63.5,64,2,"3,340","212,090.00"
2016-06-20,63.6,63.6,63.6,63.5,2,"4,945","314,502.00"
2016-06-21,63.5,63.5,63.5,63.6,1,179,"11,366.50"
2016-06-22,63.5,63.2,63.5,63.5,3,"2,503","158,789.60"
2016-06-24,64,64,63.5,63.5,1,1,64
2016-06-27,63.3,63.2,63.2,63.5,8,"3,935","248,702.00"
2016-06-28,63.1,63.1,63.2,63.2,2,66,"4,164.60"
2016-07-04,63.2,63.2,63.2,63.2,3,"1,700","107,440.00"
2016-07-11,67.5,67.5,67.5,63.2,5,300,"20,250.00"
2016-07-13,70.4,67.8,70.4,67.5,34,"8,481","592,469.40"
2016-07-15,73.3,70,70.4,70.4,3,16,"1,123.30"
2016-07-18,73,72.8,72.9,70.4,3,230,"16,764.00"
2016-07-20,73.5,70,73.5,72.9,7,518,"38,064.40"
2016-07-21,73.9,70,73.6,73.5,20,"1,113","81,948.10"
2016-07-22,73.9,72,73.3,73.6,22,"2,680","196,245.60"
2016-07-25,74.9,73.8,74.3,73.3,13,650,"48,103.10"
2016-07-26,74.9,74.8,74.9,74.3,5,400,"29,956.50"
2016-07-27,74.9,70,70.8,74.9,10,"2,500","177,809.20"
2016-07-28,74.8,74.7,74.7,70.8,5,300,"22,429.70"
2016-07-29,74.8,74.8,74.8,74.7,1,100,"7,480.00"
2016-08-01,74.9,73,74.4,74.8,15,941,"70,280.30"
2016-08-02,75.8,74.9,74.9,74.4,12,"1,195","89,523.50"
2016-08-03,78,74.6,77,74.9,10,802,"61,624.80"
2016-08-04,77,74.6,75.4,77,2,300,"22,620.00"
2016-08-09,76.9,72,76.6,75.4,5,107,"8,193.00"
2016-08-10,76.9,76.8,76.9,76.6,10,300,"23,058.60"
2016-08-12,72,72,72,76.9,3,171,"12,312.00"
2016-08-15,75.4,72,75,72,5,"1,255","94,097.10"
2016-08-16,77,75,75.8,75,21,"3,877","292,190.50"
2016-08-18,72,72,75.8,75.8,1,10,720
2016-08-22,72,72,72,75.8,1,239,"17,208.00"
2016-08-23,78.9,72.1,75.8,72,9,"1,957","146,494.30"
2016-08-24,79,72.5,72.5,75.8,5,205,"14,896.20"
2016-08-25,79,75,77.4,72.5,6,500,"38,689.20"
2016-09-01,77,77,77.4,77.4,1,5,385
2016-09-05,74,72.8,72.9,77.4,8,803,"58,544.60"
2016-09-06,74,74,74,72.9,1,200,"14,800.00"
2016-09-07,72.5,72.5,72.5,74,4,430,"31,175.00"
2016-09-19,72.6,72.6,72.6,72.5,1,214,"15,536.40"
2016-09-20,72.6,72.6,72.6,72.6,2,227,"16,480.20"
2016-09-21,72.6,72.6,72.6,72.6,1,200,"14,520.00"
2016-09-23,74.9,72,72.8,72.6,7,"1,685","122,593.80"
2016-09-26,74.9,70.1,74.9,72.8,9,"1,316","95,968.80"
2016-09-27,74.9,74.9,74.9,74.9,1,1,74.9
2016-09-29,73,73,74.9,74.9,1,1,73
2016-10-03,74.8,74.8,74.9,74.9,3,3,224.4
2016-10-05,74.9,74.8,74.9,74.9,6,28,"2,096.30"
2016-10-07,74.9,74.9,74.9,74.9,1,2,149.8
2016-10-10,74.9,74.9,74.9,74.9,2,5,374.5
2016-10-11,73,73,74.9,74.9,1,60,"4,380.00"
2016-10-12,73,70,72.6,74.9,4,"1,166","84,631.00"
2016-10-13,70.1,70.1,72.6,72.6,1,1,70.1
2016-10-14,73,70,71.8,72.6,8,339,"24,342.20"
2016-10-17,73,70,72.6,71.8,6,229,"16,631.00"
2016-10-18,70,70,70,72.6,5,663,"46,410.00"
2016-10-19,72.9,72.9,72.9,70,2,310,"22,599.00"
2016-10-20,75,70.1,74.9,72.9,11,"15,005","1,124,375.70"
2016-10-27,70.2,70.2,74.9,74.9,1,2,140.4
2016-11-01,71,70.5,70.5,74.9,7,"1,500","105,850.00"
2016-11-02,70.1,70,70,70.5,2,"2,068","144,760.30"
2016-11-04,70,70,70,70,3,"1,910","133,700.00"
2016-11-10,73.4,70.5,70,70,3,5,364.1
2016-11-11,75,73.5,74.9,70,7,"2,040","151,979.60"
2016-11-17,72,72,72,74.9,5,612,"44,064.00"
2016-11-18,71.8,71.7,71.8,72,2,700,"50,210.00"
2016-11-21,71.7,71.7,71.7,71.8,1,390,"27,963.00"
2016-11-24,74.6,71.7,74.6,71.7,7,"4,203","313,253.80"
2016-11-29,74.4,74.4,74.4,74.6,1,"4,000","297,600.00"
2016-12-01,74.9,74.6,74.8,74.4,5,260,"19,459.20"
2016-12-02,70,70,70,74.8,2,200,"14,000.00"
2016-12-05,70.4,70.4,70,70,1,50,"3,520.00"
2016-12-06,72.5,72.5,70,70,1,10,725
2016-12-08,71.2,70.3,71.2,70,3,"10,403","731,591.90"
2016-12-15,70.1,70.1,71.2,71.2,1,2,140.2
2016-12-21,65.1,65,65.1,71.2,2,209,"13,602.30"
2016-12-28,73.9,73.9,73.9,65.1,2,300,"22,170.00"
2016-12-29,70,70,70,73.9,3,979,"68,530.00"
2016-12-30,73.7,73.7,73.7,70,1,100,"7,370.00"
2017-01-02,73,71,73,73.7,3,"1,900","138,500.00"
2017-01-05,74.9,72.9,74.9,73,12,"3,232","239,489.90"
2017-01-06,75.9,75,75.9,74.9,4,800,"60,540.00"
2017-01-11,76,72.2,75.9,75.9,9,"14,300","1,085,330.00"
2017-01-13,78,77,78,75.9,10,"30,161","2,352,507.40"
2017-01-17,78.3,72.7,77.7,78,7,"11,716","909,965.20"
2017-01-25,77,72.7,77,77.7,3,653,"50,260.90"
2017-01-26,73.2,73.2,77,77,1,1,73.2
2017-01-27,78,76.9,77.2,77,17,"2,029","156,316.60"
2017-01-30,80,78,80,77.2,17,"9,808","783,618.80"
2017-01-31,78.5,77,80,80,2,50,"3,880.00"
2017-02-01,80,78,80,80,5,"52,382","4,187,979.60"
2017-02-02,80,79,79.9,80,4,"1,300","103,900.00"
2017-02-03,81,79,79.4,79.9,5,"1,300","103,950.00"
2017-02-06,84.9,79,79.1,79.4,13,"4,723","375,651.00"
2017-02-09,83.9,79.9,80.5,79.1,5,700,"56,350.00"
2017-02-13,83.9,75.4,80.5,80.5,4,4,318.6
2017-02-14,83,75.6,76.2,80.5,9,450,"35,147.40"
2017-02-15,85,81.7,85,76.2,46,"26,061","2,207,568.60"
2017-02-16,87,75.9,86.1,85,11,800,"67,885.80"
2017-02-17,86.9,83,86.1,86.1,7,77,"6,614.10"
2017-02-20,79,78.9,79,86.1,3,107,"8,452.30"
2017-02-21,86.9,85.9,86,79,16,"1,261","108,893.70"
2017-02-22,86.5,86.5,86,86,3,10,865
2017-02-23,86.4,86.3,86.4,86,6,107,"9,239.50"
2017-02-27,84,84,86.4,86.4,2,70,"5,880.00"
2017-02-28,83,83,86.4,86.4,2,2,166
2017-03-03,82.5,82.5,86.4,86.4,2,3,247.5
2017-03-06,82.3,82.3,86.4,86.4,1,1,82.3
2017-03-07,82.2,82.2,86.4,86.4,1,5,411
2017-03-09,81.5,77.1,77.2,86.4,11,901,"69,538.40"
2017-03-14,84.7,84.7,77.2,77.2,1,2,169.4
2017-03-17,83.9,82,83,77.2,14,887,"74,126.60"
2017-03-20,83,82.9,83,83,4,71,"5,892.80"
2017-03-21,84.9,82.9,83.1,83,13,101,"8,393.20"
2017-03-22,84,82.9,83,83.1,4,501,"41,544.60"
2017-03-23,84,83.9,83,83,3,10,839.6
2017-03-24,83,82.5,82.5,83,11,"1,611","133,010.10"
2017-03-27,75.9,71.3,75.3,82.5,7,356,"26,222.80"
2017-03-29,83.7,74,76.2,75.3,11,212,"16,146.00"
2017-03-31,74,74,74,76.2,6,147,"10,878.00"
2017-04-03,75,74.1,75,74,3,"50,550","3,790,780.00"
2017-04-04,75,75,75,75,1,200,"15,000.00"
2017-04-05,74,74,74,75,2,200,"14,800.00"
2017-04-06,76.9,74.5,75,74,8,"12,600","938,746.50"
2017-04-07,75.5,75.5,75.5,75,2,999,"75,424.50"
2017-04-11,76.8,76.8,75.5,75.5,1,1,76.8
2017-04-12,83,76.8,79.2,75.5,25,"2,960","234,460.60"
2017-04-17,81.9,75,79.9,79.2,10,189,"14,954.80"
2017-04-18,78.5,78.5,78.5,79.9,1,100,"7,850.00"
2017-04-19,77.2,77.2,78.5,78.5,1,2,154.4
2017-04-20,81.9,78,80.8,78.5,10,"1,069","86,429.50"
2017-04-21,78.3,78,78,80.8,4,"2,460","191,885.00"
2017-04-24,85,78.7,81.2,78,28,"266,384","22,631,979.10"
2017-04-25,85.5,85,85,81.2,10,"45,390","3,858,162.40"
2017-04-26,85,85,85,85,2,6,510
2017-04-27,86,84.5,85,85,5,399,"33,865.50"
2017-04-28,86,85,86,85,5,634,"54,390.00"
2017-05-02,86,86,86,86,4,650,"55,900.00"
2017-05-03,87,87,86,86,1,1,87
2017-05-04,92,85,89.7,86,24,"153,033","13,608,918.00"
2017-05-05,96,87,92.2,89.7,18,"9,397","865,553.40"
2017-05-08,94,94,94,92.2,1,100,"9,400.00"
2017-05-12,91,91,91,94,1,600,"54,600.00"
2017-05-15,95.5,92,93,91,25,"8,125","755,643.50"
2017-05-16,92.8,90,90,93,8,623,"56,086.30"
2017-05-17,92,92,90,90,1,10,920
2017-05-18,90,85,90,90,4,23,"2,019.00"
2017-05-19,92,90,90.5,90,3,371,"33,570.00"
2017-05-22,92.8,90.1,90.1,90.5,2,901,"81,182.80"
2017-05-23,90.2,90.2,90.1,90.1,2,70,"6,314.00"
2017-05-24,90.3,90.2,90.3,90.1,3,377,"34,035.40"
2017-05-25,97.2,90.2,97,90.3,14,"2,581","240,039.80"
2017-05-26,98.9,90.2,98.1,97,26,"1,855","180,263.40"
2017-05-29,99.5,98.6,99.3,98.1,4,129,"12,813.90"
2017-05-30,96.9,96.9,99.3,99.3,1,1,96.9
2017-05-31,95.9,94.8,95.5,99.3,6,606,"57,846.00"
2017-06-01,83.5,83.5,95.5,95.5,1,10,835
2017-06-02,89,84.3,86.2,95.5,11,775,"67,464.00"
2017-06-07,97,84,87,86.2,23,"2,600","230,302.60"
2017-06-12,88.9,88.9,87,87,1,4,355.6
2017-06-14,87.8,87.8,87,87,1,1,87.8
2017-06-15,85.3,85,85,87,3,189,"16,065.60"
2017-06-16,84.9,80,80.4,85,9,261,"20,994.40"
2017-06-19,84.7,80.1,80.1,80.4,6,459,"37,906.50"
2017-06-20,80.8,80.5,80.5,80.1,12,"1,400","112,750.50"
2017-06-21,80.7,80.5,80.6,80.5,8,"1,586","127,799.10"
2017-06-22,80.7,80.7,80.6,80.6,1,95,"7,666.50"
2017-06-23,80.7,80.7,80.6,80.6,1,1,80.7
2017-06-27,80.7,80,80,80.6,35,"14,560","1,168,767.10"
2017-06-28,80,80,80,80,13,"6,534","522,720.00"
2017-06-29,80,79.9,80,80,71,"52,704","4,216,318.90"
2017-06-30,83.3,80,80,80,28,"20,344","1,627,863.60"
2017-07-03,80.2,80,80.1,80,3,100,"8,006.00"
2017-07-04,85.1,83,83.4,80.1,21,441,"36,791.50"
2017-07-06,84.9,80.3,84.1,83.4,22,"1,083","90,663.00"
2017-07-07,84.9,84.8,84.9,84.1,21,"1,427","121,150.60"
2017-07-10,82.7,82.7,84.9,84.9,1,8,661.6
2017-07-11,83.2,83.1,83.2,84.9,2,200,"16,630.00"
2017-07-12,85.2,83.7,83.7,83.2,2,113,"9,462.60"
2017-07-13,85.2,84,85.1,83.7,14,"2,472","208,777.80"
2017-07-14,85.7,84.1,84.1,85.1,5,500,"42,399.00"
2017-07-17,84.5,83.5,83.7,84.1,26,"1,186","99,315.90"
2017-07-18,83.5,83.5,83.5,83.7,1,273,"22,795.50"
2017-07-19,83.5,83.5,83.5,83.5,1,"1,791","149,548.50"
2017-07-20,83.6,83.5,83.5,83.5,2,300,"25,050.20"
2017-07-21,83.5,83.5,83.5,83.5,2,545,"45,507.50"
2017-07-24,83.5,83.5,83.5,83.5,2,294,"24,549.00"
2017-07-25,83.5,83.5,83.5,83.5,1,200,"16,700.00"
2017-07-26,83.6,83.5,83.5,83.5,4,516,"43,087.10"
2017-07-27,83.6,83.6,83.5,83.5,2,10,836
2017-08-01,83.6,80,80,83.5,4,700,"57,801.10"
2017-08-02,80.1,80.1,80,80,1,40,"3,204.00"
2017-08-03,81,81,81,80,1,705,"57,105.00"
2017-08-04,83.4,83,83,81,4,121,"10,043.40"
2017-08-08,83.1,83.1,83.1,83,1,100,"8,310.00"
2017-08-09,83.5,83.5,83.1,83.1,1,10,835
2017-08-10,87,83.6,87,83.1,12,"3,860","334,774.10"
2017-08-11,88.9,87,87.6,87,19,"1,551","135,273.00"
2017-08-14,87.5,87.4,87.4,87.6,3,425,"37,155.00"
2017-08-22,82.5,82,82.5,87.4,3,102,"8,414.00"
2017-08-23,82,82,82,82.5,1,498,"40,836.00"
2017-08-25,88.4,82,82,82,2,26,"2,138.40"
2017-09-06,75,72.1,74.8,82,3,106,"7,932.60"
2017-09-11,79.1,79,79,74.8,2,600,"47,402.00"
2017-09-12,87,85,86.8,79,39,"9,218","798,568.30"
2017-09-13,87.4,86.8,86.8,86.8,11,22,"1,920.00"
2017-09-14,91,87.5,90.2,86.8,16,"42,581","3,759,628.80"
2017-09-15,90.4,89.5,90,90.2,15,"15,672","1,405,520.00"
2017-09-18,90.1,89,90,90,17,"18,200","1,637,999.10"
2017-09-19,90,89,89,90,4,"2,400","214,000.00"
2017-09-20,88.5,88.5,88.5,89,6,"1,450","128,325.00"
2017-09-25,89.9,89.8,89.9,88.5,4,"1,000","89,890.00"
2017-09-26,86.1,86.1,89.9,89.9,1,5,430.5
2017-09-27,90,90,90,89.9,2,100,"9,000.00"
2017-09-28,90,90,90,90,7,"5,000","450,000.00"
2017-09-29,90,90,90,90,2,"1,500","135,000.00"
2017-10-02,90,90,90,90,3,"1,500","135,000.00"
2017-10-03,92,90,92,90,6,"2,500","227,010.00"
2017-10-04,92,92,92,92,2,"2,000","184,000.00"
2017-10-09,90.2,90.2,90.2,92,2,723,"65,214.60"
2017-10-11,90.3,90.3,90.2,90.2,1,1,90.3
2017-10-12,90.5,90.5,90.2,90.2,1,90,"8,145.00"
2017-10-16,92,91.1,90.2,90.2,3,26,"2,370.40"
2017-10-17,92.3,92,92.3,90.2,5,291,"26,850.00"
2017-10-20,92.3,91.1,91.2,92.3,4,454,"41,419.80"
2017-10-23,92.2,92,92.2,91.2,3,600,"55,301.00"
2017-10-24,92.2,92.2,92.2,92.2,1,20,"1,844.00"
2017-10-25,91.1,91.1,91.1,92.2,1,100,"9,110.00"
2017-10-26,92,91.1,91.1,91.1,5,923,"84,098.00"
2017-10-27,90,85,90,91.1,8,739,"64,350.00"
2017-10-31,91,90,90,90,3,502,"45,183.00"
2017-11-01,91,90.1,90.1,90,2,"1,508","135,878.00"
2017-11-06,91,90.1,90.1,90.1,3,356,"32,076.50"
2017-11-07,90.1,90.1,90.1,90.1,2,101,"9,100.10"
2017-11-08,90.1,90.1,90.1,90.1,1,100,"9,010.00"
2017-11-09,89.5,89.5,89.5,90.1,3,"1,029","92,095.50"
2017-11-13,88,88,88,89.5,1,"1,000","88,000.00"
2017-11-14,88,85.1,87.9,88,10,"2,472","217,350.80"
2017-11-15,85.1,84.5,84.9,87.9,5,613,"52,058.50"
2017-11-16,85,85,85,84.9,1,598,"50,830.00"
2017-11-17,85,85,85,85,1,10,850
2017-11-20,89.6,85,86.5,85,10,"4,436","383,686.00"
2017-11-21,89.9,86,86,86.5,6,600,"52,069.10"
2017-11-22,86.3,86,86.1,86,3,500,"43,070.00"
2017-11-24,92.9,89.3,90,86.1,17,"617,427","55,568,225.80"
2017-11-28,87,87,87,90,1,300,"26,100.00"
2017-11-29,87,87,87,87,1,"2,500","217,500.00"
2017-11-30,89.9,89.9,87,87,1,10,899
2017-12-04,87,87,87,87,1,241,"20,967.00"
2017-12-05,90,89,90,87,3,"6,950","625,450.00"
2017-12-07,90,90,90,90,1,190,"17,100.00"
2017-12-08,90,90,90,90,2,"1,000","90,000.00"
2017-12-11,90.1,90,90.1,90,3,229,"20,620.00"
2017-12-12,90.1,90,90,90.1,7,"7,000","630,020.00"
2017-12-13,90,90,90,90,9,"2,275","204,750.00"
2017-12-15,90,90,90,90,2,"1,000","90,000.00"
2017-12-18,87.3,87,87,90,3,900,"78,313.00"
2017-12-19,87,87,87,87,1,2,174
2017-12-26,91,91,87,87,1,67,"6,097.00"
2017-12-29,94.8,94.8,87,87,1,5,474
2018-01-03,88.5,88.4,88.4,87,2,200,"17,685.00"
2018-01-05,89.5,89.5,89.5,88.4,1,"6,000","537,000.00"
2018-01-08,92.8,89.6,89.7,89.5,2,195,"17,488.00"
2018-01-09,89.6,89.6,89.6,89.7,2,278,"24,908.80"
2018-01-11,89.8,89.8,89.8,89.6,1,150,"13,470.00"
2018-01-16,93.9,89.8,89.8,89.8,8,"9,200","826,980.00"
2018-01-18,89.5,89.5,89.5,89.8,1,200,"17,900.00"
2018-01-22,89.6,89.6,89.5,89.5,1,1,89.6
2018-01-24,89.8,89.5,89.5,89.5,2,71,"6,369.20"
2018-01-25,89.5,89.5,89.5,89.5,1,"5,000","447,500.00"
2018-01-26,89.5,88,88,89.5,4,"5,351","478,388.00"
2018-01-30,97.6,97.6,88,88,1,3,292.8
2018-02-01,89,89,89,88,1,100,"8,900.00"
2018-02-09,92,90,90,89,2,300,"27,200.00"
2018-02-12,90,89,90,90,3,"5,045","454,045.00"
2018-02-14,90,89,90,90,2,"5,005","450,445.00"
2018-02-19,90.1,90,90,90,8,"10,010","900,909.00"
2018-02-21,90.2,90.2,90,90,1,1,90.2
2018-02-28,97.1,86.5,88.2,90,5,305,"26,735.90"
2018-03-05,93,93,93,88.2,2,101,"9,393.00"
2018-03-07,93,93,93,93,1,45,"4,185.00"
2018-03-08,94.5,93,94.2,93,11,"2,395","225,283.10"
2018-03-09,96,94.6,96,94.2,8,238,"22,840.80"
2018-03-12,96.5,96.5,96,96,1,70,"6,755.00"
2018-03-13,100,97,98.9,96,27,"3,490","345,039.80"
2018-03-14,114.9,107,108.1,98.9,113,"37,082","4,041,434.40"
2018-03-15,111,107.9,108,108.1,28,"30,928","3,343,104.00"
2018-03-16,109,107.3,108,108,21,"2,519","272,365.30"
2018-03-19,110,106.5,107.6,108,55,"21,776","2,356,180.30"
2018-03-20,106.5,106,106.5,107.6,31,"8,733","930,059.50"
2018-03-21,107.5,105,105.7,106.5,76,"36,376","3,851,770.10"
2018-03-22,96.7,90.1,94.6,105.7,13,"4,271","405,735.00"
2018-03-23,95,90.1,94.9,94.6,3,175,"16,368.00"
2018-03-26,91,90,90,94.9,8,902,"81,182.00"
2018-03-27,88.2,85,85.9,90,9,122,"10,476.40"
2018-03-29,89.2,85,87.7,85.9,9,763,"66,946.40"
2018-04-02,89.5,89.3,89.5,87.7,6,655,"58,592.00"
2018-04-03,89.5,89.5,89.5,89.5,3,550,"49,225.00"
2018-04-04,89.4,89.4,89.5,89.5,2,13,"1,162.20"
2018-04-05,89,89,89,89.5,1,100,"8,900.00"
2018-04-09,89.4,89.3,89.4,89,5,332,"29,675.80"
2018-04-10,95,89.1,89.6,89.4,5,134,"12,009.60"
2018-04-12,90,90,89.6,89.6,2,20,"1,800.00"
2018-04-16,89.4,89.4,89.4,89.6,2,100,"8,940.00"
2018-04-17,89.1,89.1,89.4,89.4,1,10,891
2018-04-18,92,91,89.4,89.4,4,12,"1,095.00"
2018-04-19,93,89,89,89.4,8,567,"50,541.30"
2018-04-20,93,93,89,89,1,1,93
2018-04-24,92,92,89,89,1,1,92
2018-04-25,89.1,88,89.1,89,13,"2,485","221,162.40"
2018-04-27,92,92,89.1,89.1,1,10,920
2018-05-01,91,88.1,88.5,89.1,5,203,"17,965.40"
2018-05-02,91,90,90,88.5,3,220,"19,900.00"
2018-05-03,86.5,86.5,90,90,1,3,259.5
2018-05-04,90,86.7,86.7,90,2,150,"13,170.00"
2018-05-09,89.7,89.7,86.7,86.7,1,30,"2,691.00"
2018-05-10,89,88.6,86.7,86.7,2,15,"1,331.00"
2018-05-11,88.6,88,88.2,86.7,3,140,"12,344.00"
2018-05-14,89.7,89.7,88.2,88.2,1,1,89.7
2018-05-16,88.2,87.5,87.6,88.2,6,718,"62,880.60"
2018-05-17,88,87.6,87.6,87.6,3,201,"17,609.00"
2018-05-18,89.5,87.6,89.1,87.6,15,940,"83,272.80"
2018-05-21,90,88,88,89.1,8,304,"26,764.30"
2018-05-23,88.5,87.8,87.8,88,5,"1,235","108,491.90"
2018-05-24,88.5,88.5,87.8,87.8,1,1,88.5
2018-05-25,88.5,87.7,87.8,87.8,5,698,"61,293.00"
2018-05-28,86.3,86.3,87.8,87.8,1,3,258.9
2018-05-30,87,86.2,86.4,87.8,6,598,"51,673.70"
2018-05-31,88.5,88.5,86.4,86.4,1,2,177
2018-06-01,85,80.4,81.8,86.4,23,"7,129","590,149.00"
2018-06-04,82,80.5,80.9,81.8,6,605,"48,910.00"
2018-06-05,81.8,80.5,80.7,80.9,7,518,"41,775.50"
2018-06-06,80.3,80,80,80.7,9,"1,810","144,991.00"
2018-06-07,81.6,78,78,80,9,"2,512","197,032.00"
2018-06-08,79.9,79.9,78,78,2,16,"1,278.40"
2018-06-11,77.9,77.9,77.9,78,4,230,"17,917.00"
2018-06-12,77.2,77,77.2,77.9,4,122,"9,415.20"
2018-06-13,77.4,77.4,77.2,77.2,1,1,77.4
2018-06-14,77.4,77.4,77.4,77.2,1,500,"38,700.00"
2018-06-18,77.4,76.1,77,77.4,7,516,"39,691.10"
2018-06-19,77,77,77,77,3,61,"4,697.00"
2018-06-20,77,76.5,77,77,3,434,"33,257.00"
2018-06-21,76.1,75,75,77,6,487,"36,547.40"
2018-06-22,76,75,75.2,75,17,"3,890","292,609.40"
2018-06-25,74.9,74.9,75.2,75.2,4,81,"6,066.90"
2018-06-26,81.5,74.9,74.9,75.2,9,743,"56,086.50"
2018-06-28,75,75,75,74.9,1,"1,934","145,050.00"
2018-06-29,79.8,79.8,75,75,1,2,159.6
2018-07-03,75.4,75.4,75.4,75,1,100,"7,540.00"
2018-07-04,79.8,75,75,75.4,3,202,"15,159.50"
2018-07-05,79.7,75,75,75,19,"1,777","133,284.20"
2018-07-06,79.2,77.9,75,75,2,2,157.1
2018-07-11,79.3,75,78,75,7,409,"31,257.70"
2018-07-12,77.9,77.9,78,78,1,1,77.9
2018-07-16,77,77,78,78,2,5,385
2018-07-17,76.9,74.4,75,78,10,"1,265","94,874.50"
2018-07-18,76.9,74.4,75,75,6,201,"15,081.90"
2018-07-19,75.1,75,75,75,7,"1,212","90,905.00"
2018-07-20,76.8,74.5,74.5,75,5,311,"23,171.80"
2018-07-23,76.8,75,75,74.5,5,259,"19,524.00"
2018-07-24,76.9,75,75,75,12,"2,026","151,951.90"
2018-07-25,75,75,75,75,10,"2,068","155,100.00"
2018-07-26,75,75,75,75,12,"2,268","170,100.00"
2018-07-30,75,75,75,75,7,550,"41,250.00"
2018-07-31,75,74.3,74.3,75,3,205,"15,235.00"
2018-08-01,74.2,74,74,74.3,7,875,"64,774.50"
2018-08-02,74,74,74,74,5,800,"59,200.00"
2018-08-06,75,75,74,74,1,1,75
2018-08-10,75,75,74,74,1,2,150
2018-08-13,73.8,73.8,74,74,1,10,738
2018-08-14,73.6,73.5,73.5,74,3,"1,000","73,501.00"
2018-08-15,73.5,73.5,73.5,73.5,3,34,"2,499.00"
2018-08-16,72,70,70.1,73.5,20,"3,715","260,163.50"
2018-08-17,70.1,70.1,70.1,70.1,4,665,"46,616.50"
2018-08-20,70.1,69.9,69.9,70.1,5,737,"51,563.70"
2018-08-21,69,69,69,69.9,2,110,"7,590.00"
2018-08-28,67.5,67.5,69,69,1,7,472.5
2018-08-29,67.5,67.5,69,69,2,9,607.5
2018-08-30,70,67.5,70,69,2,220,"15,350.00"
2018-08-31,74.4,66,70.6,70,19,"1,509","101,957.10"
2018-09-04,69.9,69.9,70.6,70.6,1,15,"1,048.50"
2018-09-05,69.9,68,68,70.6,6,206,"14,036.50"
2018-09-07,69.9,67,67.3,68,9,421,"28,356.70"
2018-09-10,68,68,67.3,67.3,2,6,408
2018-09-11,67.9,67.9,67.3,67.3,1,2,135.8
2018-09-12,67.1,67,67,67.3,9,"1,270","85,093.50"
2018-09-13,67,65,65.2,67,11,"1,765","115,156.50"
2018-09-14,66.1,66.1,65.2,65.2,3,89,"5,882.90"
2018-09-18,66.9,66.9,65.2,65.2,1,2,133.8
2018-09-19,66.8,66,66,65.2,5,456,"30,112.00"
2018-09-20,66,66,66,66,1,200,"13,200.00"
2018-09-25,66.5,66.5,66,66,1,50,"3,325.00"
2018-09-26,66.5,65,65,66,5,"2,934","190,836.00"
2018-09-27,65,65,65,65,4,"1,056","68,640.00"
2018-10-01,64,62,62.1,65,8,"1,500","95,032.70"
2018-10-03,63.9,63.9,62.1,62.1,1,20,"1,278.00"
2018-10-04,69.5,64.4,65,62.1,5,733,"47,858.00"
2018-10-08,69.4,69.4,65,65,1,1,69.4
2018-10-12,69,64.4,64.4,65,4,"2,900","199,640.00"
2018-10-18,64.4,64.4,64.4,64.4,1,100,"6,440.00"
2018-10-19,64.3,64.3,64.4,64.4,1,50,"3,215.00"
2018-10-26,64,63,63.9,64.4,7,"4,221","269,644.00"
2018-10-29,64,64,64,63.9,4,189,"12,096.00"
2018-10-30,64,64,64,64,13,"3,095","198,080.00"
2018-10-31,64,63,63,64,7,608,"38,368.00"
2018-11-01,65,62.9,63.6,63,11,"4,499","283,835.00"
2018-11-02,65,63,63,63.6,7,397,"25,133.00"
2018-11-05,66,65,65,63,3,"1,005","65,330.00"
2018-11-07,63.5,63.1,63.2,65,5,701,"44,293.10"
2018-11-08,68.5,68.5,68.5,63.2,2,300,"20,550.00"
2018-11-12,68.5,64,64.1,68.5,8,765,"49,772.60"
2018-11-13,65,65,64.1,64.1,1,1,65
2018-11-14,63.7,58,58.6,64.1,15,"1,359","81,438.60"
2018-11-16,61.9,58.4,61.9,58.6,14,"1,015","60,029.50"
2018-11-19,60,58.4,58.5,61.9,11,905,"53,143.00"
2018-11-21,60,55.5,57.6,58.5,22,"7,508","437,966.90"
2018-11-23,58,56.5,57.7,57.6,10,"6,661","385,613.00"
2018-11-26,58,57.1,57.1,57.7,10,"6,300","364,950.00"
2018-11-27,58,58,58,57.1,3,"1,000","58,000.00"
2018-11-28,62.9,62.9,58,58,1,1,62.9
2018-11-29,58.6,58.5,58.5,58,3,300,"17,560.00"
2018-11-30,60,60,58.5,58.5,1,10,600
2018-12-04,60,59,60,58.5,3,250,"14,850.00"
2018-12-05,60.9,57.6,57.8,60,8,"1,377","80,106.60"
2018-12-06,62.1,58.5,58.5,57.8,3,481,"28,142.10"
2018-12-07,61.7,60,58.5,58.5,2,10,615.3
2018-12-11,61.7,61.7,61.7,58.5,1,100,"6,170.00"
2018-12-12,58,58,58,61.7,3,209,"12,122.00"
2018-12-14,58,58,58,58,1,1,58
2018-12-17,58,58,58,58,3,100,"5,800.00"
2018-12-19,58.1,58,58,58,9,550,"31,911.10"
2018-12-20,61.4,58.1,58.6,58,6,565,"33,144.50"
2018-12-21,58.1,58.1,58.1,58.6,2,310,"18,011.00"
2018-12-26,61,60,60.1,58.1,3,211,"12,770.00"
2018-12-28,61.3,61.1,61.2,60.1,2,430,"26,331.00"
2018-12-31,63.9,61.5,63.8,61.2,5,352,"22,391.60"
