date,high,low,close,open,pct_change
2013-01-02,12,11.7,12,12,0
2013-01-03,12.2,12,12,12,0
2013-01-04,12.2,12,12.2,12,1.67
2013-01-07,12.2,12,12.1,12.2,-0.82
2013-01-08,12.1,12,12,12.1,-0.83
2013-01-09,12.2,12,12,12,0
2013-01-10,12.1,12,12.1,12,0.83
2013-01-11,12,11.8,11.8,12.1,-2.48
2013-01-15,12.1,11.8,11.9,11.8,0.85
2013-01-16,12.1,11.6,12,11.9,0.84
2013-01-17,12.8,12.1,12.6,12,5
2013-01-18,12.9,12.2,12.3,12.6,-2.38
2013-01-21,12.7,12.1,12.1,12.3,-1.63
2013-01-22,12.2,12.1,12.2,12.1,0.83
2013-01-23,12.5,12.1,12.3,12.2,0.82
2013-01-24,12.3,12.1,12.3,12.3,0
2013-01-28,12.4,12.1,12.3,12.3,0
2013-01-29,12.5,12.1,12.2,12.3,-0.81
2013-01-30,12.4,12.1,12.2,12.2,0
2013-01-31,12.9,12.4,12.5,12.2,2.46
2013-02-01,12.6,12.3,12.4,12.5,-0.8
2013-02-05,12.5,12.3,12.4,12.4,0
2013-02-06,12.6,12.3,12.4,12.4,0
2013-02-07,12.8,12.5,12.7,12.4,2.42
2013-02-08,13.1,12.6,12.7,12.7,0
2013-02-11,12.5,12.2,12.2,12.7,-3.94
2013-02-12,12.4,12.1,12.3,12.2,0.82
2013-02-13,12.4,12,12.1,12.3,-1.63
2013-02-14,12.4,12,12,12.1,-0.83
2013-02-15,12.1,11.9,12.1,12,0.83
2013-02-18,12.2,11.9,11.9,12.1,-1.65
2013-02-19,12.1,11.8,12,11.9,0.84
2013-02-20,12.1,11.8,11.8,12,-1.67
2013-02-21,12,11.9,11.9,11.8,0.85
2013-02-22,11.9,11.5,11.8,11.9,-0.84
2013-02-26,11.9,11.7,11.8,11.8,0
2013-02-27,11.9,11.5,11.5,11.8,-2.54
2013-02-28,11.9,11.5,11.6,11.5,0.87
2013-03-01,12.3,11.5,12,11.6,3.45
2013-03-04,11.9,11.5,11.9,12,-0.83
2013-03-05,11.9,11.5,11.9,11.9,0
2013-03-06,11.7,11.5,11.6,11.9,-2.52
2013-03-07,11.5,11.4,11.5,11.6,-0.86
2013-03-08,11.8,11.5,11.5,11.5,0
2013-03-11,11.5,11.4,11.5,11.5,0
2013-03-12,11.5,11.4,11.4,11.5,-0.87
2013-03-13,11.5,11.3,11.4,11.4,0
2013-03-14,11.4,11.2,11.3,11.4,-0.88
2013-03-15,11.3,11.2,11.2,11.3,-0.88
2013-03-18,11.3,11.1,11.1,11.2,-0.89
2013-03-19,11.2,11.1,11.1,11.1,0
2013-03-20,11.4,11.1,11.3,11.1,1.8
2013-03-21,11.4,11.2,11.3,11.3,0
2013-03-22,11.4,11.2,11.3,11.3,0
2013-03-25,11.4,11.2,11.3,11.3,0
2013-03-27,11.3,11.2,11.3,11.3,0
2013-03-28,11.5,11.1,11.2,11.3,-0.88
2013-04-01,12,11.2,11.2,11.2,0
2013-04-02,11.2,11.2,11.2,11.2,0
2013-04-03,11.2,11,11.2,11.2,0
2013-04-04,11.4,11,11,11.2,-1.79
2013-04-05,11.8,11,11.5,11,4.55
2013-04-08,12,11.6,12,11.5,4.35
2013-04-09,12,11.4,11.8,12,-1.67
2013-04-10,11.8,11.6,11.8,11.8,0
2013-04-11,12.2,11.8,12,11.8,1.69
2013-04-12,12,11.8,12,12,0
2013-04-16,12.2,11.9,11.9,12,-0.83
2013-04-17,12.2,12,12,11.9,0.84
2013-04-18,12,11.8,12,12,0
2013-04-19,12,11.9,11.9,12,-0.83
2013-04-22,12.1,11.8,11.9,11.9,0
2013-04-23,12.3,11.7,11.8,11.9,-0.84
2013-04-24,12,11.9,12,11.8,1.69
2013-04-26,12.3,11.8,11.8,12,-1.67
2013-04-29,12.3,11.8,12,11.8,1.69
2013-04-30,11.9,11.8,11.8,12,-1.67
2013-05-02,11.9,11.6,11.7,11.8,-0.85
2013-05-03,11.9,11.6,11.7,11.7,0
2013-05-06,11.9,11.6,11.8,11.7,0.85
2013-05-07,12.1,11.7,12,11.8,1.69
2013-05-08,12,11.6,11.6,12,-3.33
2013-05-09,12.1,11.9,12,11.6,3.45
2013-05-10,12.2,12,12.1,12,0.83
2013-05-13,12.3,12,12,12.1,-0.83
2013-05-14,12.7,12.1,12.5,12,4.17
2013-05-15,12.7,12.4,12.5,12.5,0
2013-05-16,12.7,12.5,12.6,12.5,0.8
2013-05-17,13.7,12.8,13.4,12.6,6.35
2013-05-20,13.7,13,13.1,13.4,-2.24
2013-05-21,13.3,12.9,12.9,13.1,-1.53
2013-05-22,13.3,12.9,13,12.9,0.78
2013-05-23,13.2,12.8,12.9,13,-0.77
2013-05-27,13,12.6,12.9,12.9,0
2013-05-28,12.9,12.3,12.7,12.9,-1.55
2013-05-29,12.7,12.5,12.5,12.7,-1.57
2013-05-30,12.6,12.3,12.5,12.5,0
2013-05-31,12.7,12.5,12.7,12.5,1.6
2013-06-03,13.1,12.4,13,12.7,2.36
2013-06-04,13.1,12.7,12.8,13,-1.54
2013-06-05,12.8,12.5,12.7,12.8,-0.78
2013-06-06,13,12.8,13,12.7,2.36
2013-06-07,13.1,12.9,13,13,0
2013-06-10,13,12.7,12.7,13,-2.31
2013-06-11,13,12.5,12.5,12.7,-1.57
2013-06-12,12.7,12.5,12.5,12.5,0
2013-06-13,13.1,12.4,12.4,12.5,-0.8
2013-06-14,12.9,12.2,12.6,12.4,1.61
2013-06-17,12.9,12.4,12.4,12.6,-1.59
2013-06-18,12.8,12.4,12.5,12.4,0.81
2013-06-19,12.5,12.4,12.4,12.5,-0.8
2013-06-20,12.5,12,12.1,12.4,-2.42
2013-06-21,12.4,12,12.1,12.1,0
2013-06-24,12.4,12.1,12.1,12.1,0
2013-06-25,12.2,12,12,12.1,-0.83
2013-06-26,12.5,12,12.1,12,0.83
2013-06-27,12.5,12.1,12.4,12.1,2.48
2013-06-28,12.5,12.1,12.1,12.4,-2.42
2013-07-01,12.5,12.1,12.3,12.1,1.65
2013-07-02,12.4,12,12.1,12.3,-1.63
2013-07-03,12.3,11.9,12,12.1,-0.83
2013-07-04,12.3,11.9,12,12,0
2013-07-05,12.2,11.9,12.1,12,0.83
2013-07-08,12,11.8,11.8,12.1,-2.48
2013-07-09,12.1,11.8,12,11.8,1.69
2013-07-10,12,11.8,11.9,12,-0.83
2013-07-11,12,11.7,12,11.9,0.84
2013-07-12,11.7,11,11.3,12,-5.83
2013-07-15,11.7,10.9,11.4,11.3,0.88
2013-07-16,11.4,11,11.3,11.4,-0.88
2013-07-17,11.7,11.3,11.5,11.3,1.77
2013-07-18,11.8,11.8,11.8,11.5,2.61
2013-07-19,11.8,11.3,11.5,11.8,-2.54
2013-07-23,11.8,11.2,11.2,11.5,-2.61
2013-07-24,12.3,11.4,11.5,11.2,2.68
2013-07-25,11.7,11.6,11.7,11.5,1.74
2013-07-26,11.7,11.4,11.7,11.7,0
2013-07-29,11.4,11.1,11.2,11.7,-4.27
2013-07-30,11.7,11.3,11.3,11.2,0.89
2013-07-31,11.3,11,11.1,11.3,-1.77
2013-08-01,12.7,11.1,11.7,11.1,5.41
2013-08-02,11.9,11.5,11.7,11.7,0
2013-08-05,11.5,11,11.1,11.7,-5.13
2013-08-06,11.4,11.1,11.1,11.1,0
2013-08-07,11.5,11.2,11.4,11.1,2.7
2013-08-08,11.3,11.2,11.2,11.4,-1.75
2013-08-12,11.2,11.1,11.2,11.2,0
2013-08-13,11.2,10.9,10.9,11.2,-2.68
2013-08-14,11.2,11,11,10.9,0.92
2013-08-15,11.2,11,11.1,11,0.91
2013-08-16,11,10.9,10.9,11.1,-1.8
2013-08-19,11,10.9,10.9,10.9,0
2013-08-21,10.9,10.7,10.8,10.9,-0.92
2013-08-22,10.8,10.8,10.8,10.8,0
2013-08-23,11,10.7,10.7,10.8,-0.93
2013-08-26,10.8,10.7,10.7,10.7,0
2013-08-27,10.7,10.5,10.5,10.7,-1.87
2013-08-28,10.7,10,10.1,10.5,-3.81
2013-08-29,10.1,10,10.1,10.1,0
2013-08-30,10.1,10,10,10.1,-0.99
2013-09-02,10,9.7,9.8,10,-2
2013-09-03,9.9,9.5,9.6,9.8,-2.04
2013-09-04,10,9.5,10,9.6,4.17
2013-09-05,9.6,9.5,9.5,10,-5
2013-09-06,9.5,9.2,9.3,9.5,-2.11
2013-09-09,9.5,9.3,9.4,9.3,1.08
2013-09-10,9.9,9.5,9.7,9.4,3.19
2013-09-11,9.9,9.5,9.9,9.7,2.06
2013-09-12,10,9.7,9.7,9.9,-2.02
2013-09-13,9.8,9.7,9.8,9.7,1.03
2013-09-16,9.8,9.7,9.8,9.8,0
2013-09-17,9.8,9.7,9.7,9.8,-1.02
2013-09-18,9.9,9.9,9.9,9.7,2.06
2013-09-20,10.6,10,10.4,9.9,5.05
2013-09-23,10.6,10.2,10.2,10.4,-1.92
2013-09-24,10.4,10,10.1,10.2,-0.98
2013-09-25,10.7,10,10.4,10.1,2.97
2013-09-26,10.3,10,10.1,10.4,-2.88
2013-09-27,10.4,10,10.1,10.1,0
2013-09-30,10.5,10.5,10.5,10.1,3.96
2013-10-01,10.5,9.5,9.7,10.5,-7.62
2013-10-02,10.3,10.2,10.2,9.7,5.15
2013-10-03,10.5,10.2,10.2,10.2,0
2013-10-04,10.5,10,10,10.2,-1.96
2013-10-07,10.6,10,10.1,10,1
2013-10-08,10.4,10.1,10.4,10.1,2.97
2013-10-09,10.9,10.1,10.5,10.4,0.96
2013-10-10,11.5,10.7,10.8,10.5,2.86
2013-10-11,10.9,10.8,10.8,10.8,0
2013-10-14,11,10.8,10.9,10.8,0.93
2013-10-15,11,10.8,10.9,10.9,0
2013-10-17,11.1,10.8,10.8,10.9,-0.92
2013-10-21,10.7,10.4,10.6,10.8,-1.85
2013-10-22,10.8,10.4,10.5,10.6,-0.94
2013-10-23,10.5,10.4,10.4,10.5,-0.95
2013-10-24,10.6,10.5,10.5,10.4,0.96
2013-10-25,10.7,10.6,10.7,10.5,1.9
2013-10-28,10.8,10.5,10.8,10.7,0.93
2013-10-29,10.5,10.5,10.5,10.8,-2.78
2013-10-30,10.5,10.5,10.5,10.5,0
2013-10-31,10.5,10.5,10.5,10.5,0
2013-11-01,10.7,10.4,10.4,10.5,-0.95
2013-11-04,10.5,10.4,10.4,10.4,0
2013-11-05,10.5,10.3,10.3,10.4,-0.96
2013-11-06,10.4,10.4,10.4,10.3,0.97
2013-11-07,11,10.5,10.5,10.4,0.96
2013-11-08,10.5,10.3,10.3,10.5,-1.9
2013-11-11,10.3,10.2,10.2,10.3,-0.97
2013-11-12,10.2,10.2,10.2,10.2,0
2013-11-13,10.2,9.9,10.1,10.2,-0.98
2013-11-14,10.3,9.7,10.2,10.1,0.99
2013-11-15,10.4,10,10,10.2,-1.96
2013-11-18,10.6,10,10,10,0
2013-11-19,10,10,10,10,0
2013-11-20,10.1,10,10.1,10,1
2013-11-21,10.1,10.1,10.1,10.1,0
2013-11-22,10.2,10,10.1,10.1,0
2013-11-25,10.1,10,10,10.1,-0.99
2013-11-26,10.1,10,10,10,0
2013-11-27,10.4,10,10,10,0
2013-11-28,10,9.7,10,10,0
2013-11-29,10.4,9.9,9.9,10,-1
2013-12-02,9.9,9.7,9.8,9.9,-1.01
2013-12-03,9.8,9.7,9.7,9.8,-1.02
2013-12-04,9.9,9.7,9.7,9.7,0
2013-12-05,9.8,9.7,9.7,9.7,0
2013-12-06,9.7,9.6,9.7,9.7,0
2013-12-09,9.8,9.6,9.6,9.7,-1.03
2013-12-10,9.9,9.6,9.9,9.6,3.13
2013-12-11,9.8,9.7,9.7,9.9,-2.02
2013-12-12,9.7,9.6,9.7,9.7,0
2013-12-13,9.7,9.5,9.6,9.7,-1.03
2013-12-17,9.6,9.6,9.6,9.6,0
2013-12-18,9.7,9.6,9.6,9.6,0
2013-12-19,9.9,9.7,9.8,9.6,2.08
2013-12-20,9.8,9.8,9.8,9.8,0
2013-12-23,9.9,9.7,9.7,9.8,-1.02
2013-12-24,9.9,9.9,9.9,9.7,2.06
2013-12-26,9.9,9.8,9.9,9.9,0
2013-12-27,10,9.8,9.8,9.9,-1.01
2013-12-30,10.1,9.9,10.1,9.8,3.06
2013-12-31,10.1,9.9,9.9,10.1,-1.98
2014-01-02,10.2,10,10,9.9,1.01
2014-01-03,10.1,9.9,10,10,0
2014-01-06,10,9.9,10,10,0
2014-01-07,10,9.8,10,10,0
2014-01-08,10.4,10,10.3,10,3
2014-01-09,10.4,10,10,10.3,-2.91
2014-01-10,10.1,10.1,10.1,10,1
2014-01-13,10.3,10.1,10.2,10.1,0.99
2014-01-16,10.3,10.1,10.2,10.2,0
2014-01-17,10.2,10,10.2,10.2,0
2014-01-20,10.3,10.1,10.3,10.2,0.98
2014-01-21,10.3,10.2,10.3,10.3,0
2014-01-22,10.3,10.1,10.3,10.3,0
2014-01-23,10.5,10.2,10.3,10.3,0
2014-01-24,10.3,10.1,10.1,10.3,-1.94
2014-01-27,10.4,10.1,10.2,10.1,0.99
2014-01-28,10.4,10.3,10.3,10.2,0.98
2014-01-29,10.5,10.3,10.4,10.3,0.97
2014-01-30,10.4,10.3,10.3,10.4,-0.96
2014-01-31,10.4,10.3,10.3,10.3,0
2014-02-03,10.4,10.3,10.3,10.3,0
2014-02-05,10.3,10.1,10.2,10.3,-0.97
2014-02-06,10.2,10.1,10.1,10.2,-0.98
2014-02-07,10.1,10,10.1,10.1,0
2014-02-10,10.2,10,10,10.1,-0.99
2014-02-11,10,9.9,9.9,10,-1
2014-02-12,10,9.9,9.9,9.9,0
2014-02-13,9.9,9.9,9.9,9.9,0
2014-02-17,10,9.9,9.9,9.9,0
2014-02-18,10,9.8,9.8,9.9,-1.01
2014-02-19,9.9,9.7,9.7,9.8,-1.02
2014-02-20,9.7,9.5,9.6,9.7,-1.03
2014-02-21,9.7,9.5,9.6,9.6,0
2014-02-24,9.7,9.6,9.6,9.6,0
2014-02-25,9.5,9.4,9.4,9.6,-2.08
2014-02-26,9.5,9.3,9.3,9.4,-1.06
2014-02-28,9.7,9.5,9.5,9.3,2.15
2014-03-03,9.6,9.3,9.5,9.5,0
2014-03-04,9.8,9.5,9.5,9.5,0
2014-03-06,9.8,9.5,9.5,9.5,0
2014-03-07,10,9.6,10,9.5,5.26
2014-03-10,9.7,9.7,9.7,10,-3
2014-03-11,9.9,9.7,9.7,9.7,0
2014-03-12,9.7,9.6,9.6,9.7,-1.03
2014-03-13,9.6,9.4,9.4,9.6,-2.08
2014-03-14,9.5,9.3,9.5,9.4,1.06
2014-03-17,9.4,9.2,9.4,9.5,-1.05
2014-03-18,10.3,9.5,10,9.4,6.38
2014-03-19,10,9.8,9.9,10,-1
2014-03-20,10.2,9.9,9.9,9.9,0
2014-03-21,10.3,10.1,10.2,9.9,3.03
2014-03-24,10.2,10,10.1,10.2,-0.98
2014-03-25,10.1,10,10.1,10.1,0
2014-03-26,10.1,9.9,9.9,10.1,-1.98
2014-03-27,10.1,9.5,9.9,9.9,0
2014-03-28,10,9.9,9.9,9.9,0
2014-03-31,9.9,9.7,9.8,9.9,-1.01
2014-04-01,10,10,10,9.8,2.04
2014-04-02,10.1,9.9,10,10,0
2014-04-03,10.1,10,10,10,0
2014-04-04,10.1,10,10,10,0
2014-04-07,10.2,10.1,10.1,10,1
2014-04-08,10.2,10,10,10.1,-0.99
2014-04-09,10.1,10,10.1,10,1
2014-04-10,10.1,10,10,10.1,-0.99
2014-04-11,10.2,10,10.1,10,1
2014-04-16,10.1,10,10.1,10.1,0
2014-04-17,10.4,10.3,10.4,10.1,2.97
2014-04-21,10.4,10.2,10.2,10.4,-1.92
2014-04-22,10.4,10.2,10.2,10.2,0
2014-04-23,11.2,10.2,11,10.2,7.84
2014-04-24,11.3,11,11,11,0
2014-04-25,11.2,10.8,11,11,0
2014-04-28,11.2,11.1,11.1,11,0.91
2014-04-29,11.2,11.1,11.2,11.1,0.9
2014-04-30,11.5,11.1,11.3,11.2,0.89
2014-05-02,12,11.4,12,11.3,6.19
2014-05-05,12.2,12,12.1,12,0.83
2014-05-06,12.2,11.7,11.9,12.1,-1.65
2014-05-07,12,11.8,12,11.9,0.84
2014-05-08,12.1,11.8,12,12,0
2014-05-09,12.8,11.8,12.5,12,4.17
2014-05-12,13.2,12.6,12.9,12.5,3.2
2014-05-13,13,12.6,12.7,12.9,-1.55
2014-05-16,13,12.6,12.7,12.7,0
2014-05-19,12.9,12.6,12.7,12.7,0
2014-05-20,13,12.6,12.7,12.7,0
2014-05-21,13,12.4,12.5,12.7,-1.57
2014-05-22,12.7,12.5,12.6,12.5,0.8
2014-05-23,13.1,12.7,13,12.6,3.17
2014-05-26,13.1,12.8,13,13,0
2014-05-27,13,12.7,12.9,13,-0.77
2014-05-28,12.8,12.6,12.7,12.9,-1.55
2014-05-29,12.8,12.7,12.7,12.7,0
2014-05-30,12.9,12.7,12.8,12.7,0.79
2014-06-02,13,12.8,12.8,12.8,0
2014-06-03,13,12.8,12.9,12.8,0.78
2014-06-04,13,12.8,12.9,12.9,0
2014-06-05,13.1,12.8,13,12.9,0.78
2014-06-06,13.3,13,13.2,13,1.54
2014-06-09,13.8,13.2,13.6,13.2,3.03
2014-06-10,14,13.6,13.8,13.6,1.47
2014-06-11,14,13.3,13.7,13.8,-0.72
2014-06-13,13.8,13.1,13.6,13.7,-0.73
2014-06-16,14,13.6,14,13.6,2.94
2014-06-17,14.1,13.6,13.7,14,-2.14
2014-06-18,14,13.7,13.9,13.7,1.46
2014-06-19,14,13.8,13.8,13.9,-0.72
2014-06-20,14,13.6,13.6,13.8,-1.45
2014-06-23,14,13.6,13.7,13.6,0.74
2014-06-24,13.8,13.7,13.8,13.7,0.73
2014-06-25,13.9,13.6,13.8,13.8,0
2014-06-26,13.8,13.6,13.6,13.8,-1.45
2014-06-27,13.8,13.2,13.5,13.6,-0.74
2014-06-30,13.7,13.4,13.5,13.5,0
2014-07-01,13.8,13.1,13.2,13.5,-2.22
2014-07-02,13.4,13.3,13.3,13.2,0.76
2014-07-03,13.7,13.3,13.5,13.3,1.5
2014-07-04,13.7,13.4,13.6,13.5,0.74
2014-07-07,13.6,13.3,13.4,13.6,-1.47
2014-07-08,13.7,13.4,13.6,13.4,1.49
2014-07-09,14,13.2,13.5,13.6,-0.74
2014-07-10,13.8,13.4,13.6,13.5,0.74
2014-07-11,13.9,13.6,13.6,13.6,0
2014-07-14,13.8,13.6,13.7,13.6,0.74
2014-07-15,13.8,13.6,13.6,13.7,-0.73
2014-07-16,13.9,13.6,13.8,13.6,1.47
2014-07-17,13.9,13.7,13.9,13.8,0.72
2014-07-18,13.9,13.7,13.8,13.9,-0.72
2014-07-21,14.2,13.8,14,13.8,1.45
2014-07-22,15.3,14.2,15,14,7.14
2014-07-23,15.5,14.5,15.1,15,0.67
2014-07-24,15.4,14.9,14.9,15.1,-1.32
2014-07-25,15.1,14.8,14.9,14.9,0
2014-07-28,15.8,15,15.4,14.9,3.36
2014-07-30,15.6,15.3,15.4,15.4,0
2014-07-31,15.4,15.1,15.2,15.4,-1.3
2014-08-01,15.5,15.2,15.3,15.2,0.66
2014-08-04,15.5,15.1,15.2,15.3,-0.65
2014-08-05,15.5,15.2,15.2,15.2,0
2014-08-06,15.4,15.2,15.2,15.2,0
2014-08-07,15.9,15.2,15.8,15.2,3.95
2014-08-08,16.4,15.6,16,15.8,1.27
2014-08-11,16.2,15.9,15.9,16,-0.62
2014-08-12,16.1,15.6,16,15.9,0.63
2014-08-13,16.4,16,16.3,16,1.88
2014-08-14,17,16.4,16.6,16.3,1.84
2014-08-15,16.8,16.5,16.8,16.6,1.2
2014-08-18,16.8,16.5,16.5,16.8,-1.79
2014-08-19,16.5,16.3,16.4,16.5,-0.61
2014-08-20,16.5,16.1,16.5,16.4,0.61
2014-08-21,16.5,16.3,16.3,16.5,-1.21
2014-08-22,16.3,16,16,16.3,-1.84
2014-08-25,16.3,16,16.2,16,1.25
2014-08-26,16.4,16,16,16.2,-1.23
2014-08-27,16.4,16.1,16.4,16,2.5
2014-08-28,16.4,16.1,16.2,16.4,-1.22
2014-08-29,16.4,16.1,16.2,16.2,0
2014-09-01,16.1,16,16.1,16.2,-0.62
2014-09-02,16,15.9,15.9,16.1,-1.24
2014-09-03,16,15.8,15.9,15.9,0
2014-09-04,16.1,15.9,16,15.9,0.63
2014-09-05,16.4,15.9,16.1,16,0.63
2014-09-09,16.4,16.2,16.3,16.1,1.24
2014-09-10,16.3,16.2,16.2,16.3,-0.61
2014-09-11,16.3,16.1,16.1,16.2,-0.62
2014-09-12,16.5,16.2,16.2,16.1,0.62
2014-09-15,16.6,16.2,16.4,16.2,1.23
2014-09-16,16.6,16.3,16.4,16.4,0
2014-09-17,16.9,16.4,16.5,16.4,0.61
2014-09-18,17.5,16.6,17.2,16.5,4.24
2014-09-19,17.4,17,17.1,17.2,-0.58
2014-09-22,17.4,16.9,16.9,17.1,-1.17
2014-09-23,17.4,16.9,17.1,16.9,1.18
2014-09-24,17.1,16.9,17,17.1,-0.58
2014-09-25,17.3,16.9,17,17,0
2014-09-26,17.2,16.9,17.1,17,0.59
2014-09-29,17.2,16.9,17,17.1,-0.58
2014-09-30,17.4,16.9,17.3,17,1.76
2014-10-01,17.5,17.2,17.3,17.3,0
2014-10-02,18,17.2,17.8,17.3,2.89
2014-10-03,18,17.5,17.8,17.8,0
2014-10-07,17.9,17.6,17.7,17.8,-0.56
2014-10-09,17.6,17.5,17.5,17.7,-1.13
2014-10-10,17.7,17.5,17.5,17.5,0
2014-10-13,17.7,16.8,16.9,17.5,-3.43
2014-10-14,17.5,16.8,17.3,16.9,2.37
2014-10-15,17.9,17.3,17.6,17.3,1.73
2014-10-16,18.5,17.2,18.4,17.6,4.55
2014-10-17,19.7,18.4,19.2,18.4,4.35
2014-10-20,19.3,18.8,19,19.2,-1.04
2014-10-21,19,18.5,18.5,19,-2.63
2014-10-23,19,18.5,18.9,18.5,2.16
2014-10-24,19.7,18.9,19.5,18.9,3.17
2014-10-27,20.1,19.5,20,19.5,2.56
2014-10-28,20.6,19.8,20.2,20,1
2014-10-29,20.4,20,20.2,20.2,0
2014-10-30,20.5,20,20.3,20.2,0.5
2014-10-31,20.7,20.3,20.6,20.3,1.48
2014-11-03,20.8,20.5,20.7,20.6,0.49
2014-11-04,21,20.4,20.9,20.7,0.97
2014-11-05,20.1,19.7,19.9,20.9,-4.78
2014-11-07,19.9,19.2,19.4,19.9,-2.51
2014-11-10,19.7,19,19.1,19.4,-1.55
2014-11-11,19.3,19,19.2,19.1,0.52
2014-11-12,19.7,19,19.3,19.2,0.52
2014-11-13,19.7,19.4,19.4,19.3,0.52
2014-11-14,19.9,19.1,19.8,19.4,2.06
2014-11-17,19.7,19.1,19.5,19.8,-1.52
2014-11-18,19.5,19.1,19.3,19.5,-1.03
2014-11-19,19.3,19,19.2,19.3,-0.52
2014-11-20,19.2,19,19.1,19.2,-0.52
2014-11-21,19.2,18.5,18.7,19.1,-2.09
2014-11-24,18.7,18,18.1,18.7,-3.21
2014-11-25,19,18,18.4,18.1,1.66
2014-11-26,18.8,18,18.5,18.4,0.54
2014-11-27,17.9,17.5,17.5,18.5,-5.41
2014-11-28,17.8,17.5,17.5,17.5,0
2014-12-01,18.5,18,18.2,17.5,4
2014-12-02,18.5,18,18,18.2,-1.1
2014-12-03,19.3,17.8,19,18,5.56
2014-12-04,19.8,19,19.3,19,1.58
2014-12-05,19.5,19.5,19.5,19.3,1.04
2014-12-08,18.8,18.6,18.7,19.5,-4.1
2014-12-09,19,18.2,18.4,18.7,-1.6
2014-12-10,18.9,18.2,18.5,18.4,0.54
2014-12-11,18.7,18.2,18.3,18.5,-1.08
2014-12-12,18.4,18.1,18.4,18.3,0.55
2014-12-15,18.9,18.1,18.1,18.4,-1.63
2014-12-16,18.4,18,18.1,18.1,0
2014-12-17,18.5,18,18.1,18.1,0
2014-12-18,18.3,18,18,18.1,-0.55
2014-12-19,18.3,18,18,18,0
2014-12-22,18.4,18,18.4,18,2.22
2014-12-23,18.2,17.9,18,18.4,-2.17
2014-12-24,18.4,17.9,17.9,18,-0.56
2014-12-26,18,17.9,18,17.9,0.56
2014-12-29,17.9,17.8,17.9,18,-0.56
2014-12-30,18,17.9,18,17.9,0.56
2014-12-31,18.9,17.9,18.8,18,4.44
2015-01-02,18.9,18.1,18.2,18.8,-3.19
2015-01-06,18.6,18.3,18.5,18.2,1.65
2015-01-07,18.9,18.5,18.9,18.5,2.16
2015-01-08,19.4,19,19,18.9,0.53
2015-01-09,19.5,19,19.2,19,1.05
2015-01-12,19.5,18.8,18.9,19.2,-1.56
2015-01-13,18.9,18.8,18.8,18.9,-0.53
2015-01-16,19.2,18.5,19,18.8,1.06
2015-01-19,18.5,18.3,18.3,19,-3.68
2015-01-20,18.4,18.2,18.4,18.3,0.55
2015-01-21,18.9,18.4,18.5,18.4,0.54
2015-01-22,19.1,18.5,18.9,18.5,2.16
2015-01-23,19.1,18.5,18.5,18.9,-2.12
2015-01-26,19,18.5,18.5,18.5,0
2015-01-27,19,18.7,19,18.5,2.7
2015-01-28,20.3,18.9,20,19,5.26
2015-01-29,20.2,19.9,20,20,0
2015-01-30,20.1,19.9,20.1,20,0.5
2015-02-02,20.1,19.9,20,20.1,-0.5
2015-02-05,20,19.7,19.7,20,-1.5
2015-02-06,20.1,19.6,20,19.7,1.52
2015-02-09,20,19.6,19.8,20,-1
2015-02-10,20.1,19.9,20,19.8,1.01
2015-02-11,20.1,19.9,20.1,20,0.5
2015-02-12,19.9,19.7,19.9,20.1,-1
2015-02-13,20.1,19.8,20,19.9,0.5
2015-02-16,20,19.1,19.1,20,-4.5
2015-02-18,20.1,19.1,19.1,19.1,0
2015-02-19,20.1,19.1,20,19.1,4.71
2015-02-20,20.5,20,20.3,20,1.5
2015-02-23,20.4,20,20.4,20.3,0.49
2015-02-24,20.3,19.5,20.3,20.4,-0.49
2015-02-25,20,19.8,20,20.3,-1.48
2015-02-26,20.2,20,20,20,0
2015-02-27,20.2,19.8,20,20,0
2015-03-02,20.2,19.8,20,20,0
2015-03-03,20.1,19.8,20,20,0
2015-03-04,20.1,19.9,20.1,20,0.5
2015-03-06,20.1,19.8,20.1,20.1,0
2015-03-09,20,19.8,19.8,20.1,-1.49
2015-03-10,20,19.7,20,19.8,1.01
2015-03-11,20,20,20,20,0
2015-03-12,20,19.5,20,20,0
2015-03-13,19.5,19.5,19.5,20,-2.5
2015-03-16,20,19.3,20,19.5,2.56
2015-03-17,20,19.5,19.7,20,-1.5
2015-03-18,19.6,19.6,19.6,19.7,-0.51
2015-03-19,20,20,20,19.6,2.04
2015-03-20,20,20,20,20,0
2015-03-23,20.1,19.9,19.9,20,-0.5
2015-03-24,20,19.9,20,19.9,0.5
2015-03-25,20,19.9,20,20,0
2015-03-26,20,19.7,19.8,20,-1
2015-03-27,20,20,20,19.8,1.01
2015-03-30,19.5,18.7,19,20,-5
2015-03-31,20,18.7,20,19,5.26
2015-04-01,20.1,19.9,20,20,0
2015-04-02,20,20,20,20,0
2015-04-06,19.1,19,19.1,20,-4.5
2015-04-07,20,20,20,19.1,4.71
2015-04-08,20,20,20,20,0
2015-04-09,20,19.7,20,20,0
2015-04-10,20,20,20,20,0
2015-04-17,20,20,20,20,0
2015-04-21,20,19.6,20,20,0
2015-04-24,20.1,19.7,19.8,20,-1
2015-04-27,20,19.8,20,19.8,1.01
2015-04-28,20.1,19.7,20,20,0
2015-04-29,20,19.8,20,20,0
2015-04-30,20.1,19.9,20.1,20,0.5
2015-05-05,20.2,20,20,20.1,-0.5
2015-05-06,20.4,20,20,20,0
2015-05-07,20.3,20.2,20.3,20,1.5
2015-05-08,20.2,20,20.1,20.3,-0.99
2015-05-11,19.9,19.9,19.9,20.1,-1
2015-05-12,20.1,19.9,20,19.9,0.5
2015-05-13,20.1,20,20,20,0
2015-05-14,19.9,19.9,19.9,20,-0.5
2015-05-15,20.2,19.9,20.2,19.9,1.51
2015-05-18,19.9,19.7,19.8,20.2,-1.98
2015-05-19,20.1,20,20,19.8,1.01
2015-05-20,20.3,19.5,20.2,20,1
2015-05-21,20.3,19.5,20,20.2,-0.99
2015-05-22,20.3,20.3,20.3,20,1.5
2015-05-25,20.4,19.7,19.9,20.3,-1.97
2015-05-26,20.4,19.7,20.2,19.9,1.51
2015-05-27,20,19.9,20,20.2,-0.99
2015-05-28,20.1,20,20.1,20,0.5
2015-05-29,20.5,19.6,20.1,20.1,0
2015-06-01,20,19.7,19.9,20.1,-1
2015-06-03,20.1,19.9,19.9,19.9,0
2015-06-04,20.5,19.7,19.9,19.9,0
2015-06-05,20.3,19.9,20,19.9,0.5
2015-06-08,20.3,19.9,20.1,20,0.5
2015-06-09,20.3,20,20.2,20.1,0.5
2015-06-10,20.6,20.1,20.5,20.2,1.49
2015-06-11,20.5,20,20,20.5,-2.44
2015-06-12,20.5,20,20.3,20,1.5
2015-06-15,20.3,20.1,20.1,20.3,-0.99
2015-06-16,21.2,20.2,21.2,20.1,5.47
2015-06-17,21.4,21.2,21.4,21.2,0.94
2015-06-18,22,21.4,21.9,21.4,2.34
2015-06-19,23,22,23,21.9,5.02
2015-06-22,22.8,22.2,22.3,23,-3.04
2015-06-23,22,21.5,22,22.3,-1.35
2015-06-24,22.2,21.5,22,22,0
2015-06-25,22,21.5,21.5,22,-2.27
2015-06-26,21.8,21.5,21.6,21.5,0.47
2015-06-29,22.2,21.6,21.6,21.6,0
2015-06-30,22,21.2,21.4,21.6,-0.93
2015-07-02,21.2,20.1,20.1,21.4,-6.07
2015-07-03,20.5,20.2,20.2,20.1,0.5
2015-07-06,20.5,20,20.3,20.2,0.5
2015-07-07,20.4,20.4,20.4,20.3,0.49
2015-07-08,21.5,20.1,21,20.4,2.94
2015-07-09,20.9,20,21,21,0
2015-07-10,21,21,21,21,0
2015-07-13,21,20,20,21,-4.76
2015-07-14,20.6,20.5,20.6,20,3
2015-07-15,21,20.4,21,20.6,1.94
2015-07-16,21.5,20.2,21,21,0
2015-07-17,21.4,20.5,21,21,0
2015-07-20,21.4,20.5,20.5,21,-2.38
2015-07-21,21.5,21,21.4,20.5,4.39
2015-07-22,21.6,21.2,21.5,21.4,0.47
2015-07-23,25.5,21.4,24.7,21.5,14.88
2015-07-24,25.5,23.6,25,24.7,1.21
2015-07-27,24.8,24.1,24.5,25,-2
2015-07-28,24.5,23,24.5,24.5,0
2015-07-29,24.5,23.8,23.9,24.5,-2.45
2015-07-30,24.9,23.8,24.8,23.9,3.77
2015-08-03,25,24,25,24.8,0.81
2015-08-04,24.5,24.1,24.2,25,-3.2
2015-08-05,25.1,24,24.8,24.2,2.48
2015-08-06,24.9,24.2,24.2,24.8,-2.42
2015-08-07,24.7,23.8,24,24.2,-0.83
2015-08-10,25,23.5,24.9,24,3.75
2015-08-11,25,24,24.1,24.9,-3.21
2015-08-12,25,24.1,24.9,24.1,3.32
2015-08-13,24.1,23.6,23.8,24.9,-4.42
2015-08-14,25,23.8,24.4,23.8,2.52
2015-08-17,25,24.5,25,24.4,2.46
2015-08-18,25.1,24.1,24.9,25,-0.4
2015-08-19,25,24.1,24.9,24.9,0
2015-08-20,24.9,24.5,24.5,24.9,-1.61
2015-08-21,25,24.2,24.7,24.5,0.82
2015-08-24,25,24,24,24.7,-2.83
2015-08-25,24.7,23.9,24,24,0
2015-08-26,25,24,24.9,24,3.75
2015-08-27,25.1,24.8,25,24.9,0.4
2015-08-28,24.5,24.1,24.5,25,-2
2015-08-31,25,24,24.2,24.5,-1.22
2015-09-01,24.1,24,24.1,24.2,-0.41
2015-09-02,25.2,24,25,24.1,3.73
2015-09-03,25.2,24.6,25,25,0
2015-09-04,24.6,24.5,24.5,25,-2
2015-09-07,24.6,24.2,24.2,24.5,-1.22
2015-09-08,24.5,24.2,24.2,24.2,0
2015-09-09,24.9,24.9,24.2,24.2,0
2015-09-10,25,24.5,24.5,24.2,1.24
2015-09-11,24.7,24.5,24.5,24.5,0
2015-09-14,25.1,24.5,25,24.5,2.04
2015-09-15,25.1,24.5,25,25,0
2015-09-16,25,24.6,24.6,25,-1.6
2015-09-17,25,24.2,24.3,24.6,-1.22
2015-09-18,24.3,24.2,24.3,24.3,0
2015-09-21,24.3,24.3,24.3,24.3,0
2015-09-22,24.7,24.4,24.3,24.3,0
2015-09-23,24.5,24.4,24.3,24.3,0
2015-09-25,24.5,24.4,24.5,24.3,0.82
2015-09-28,24.5,24.5,24.5,24.5,0
2015-09-29,25,24.3,24.3,24.5,-0.82
2015-09-30,24.3,24.2,24.3,24.3,0
2015-10-01,24.5,24.3,24.5,24.3,0.82
2015-10-02,24.5,24.3,24.4,24.5,-0.41
2015-10-05,24.3,24.3,24.3,24.4,-0.41
2015-10-06,24.3,24.3,24.3,24.3,0
2015-10-07,25,24.5,25,24.3,2.88
2015-10-08,25,24.2,25,25,0
2015-10-09,25.1,25,25.1,25,0.4
2015-10-12,25.4,24.9,25.1,25.1,0
2015-10-13,25,24.9,24.9,25.1,-0.8
2015-10-14,24.9,24.5,24.5,24.9,-1.61
2015-10-15,24.5,24.5,24.5,24.5,0
2015-10-16,24.9,24.4,24.4,24.5,-0.41
2015-10-19,24.6,24.3,24.3,24.4,-0.41
2015-10-20,24.5,24.1,24.1,24.3,-0.82
2015-10-22,24.1,24.1,24.1,24.1,0
2015-10-23,24.1,23.9,24,24.1,-0.41
2015-10-26,23.5,23.5,23.5,24,-2.08
2015-10-28,24.5,23.5,24.3,23.5,3.4
2015-10-29,25.3,24.5,25,24.3,2.88
2015-10-30,25.3,25,25.3,25,1.2
2015-11-03,24.5,24,24.2,25.3,-4.35
2015-11-04,25,23,24.9,24.2,2.89
2015-11-05,25,24.9,24.9,24.9,0
2015-11-06,25,24,24,24.9,-3.61
2015-11-09,24.5,24,24.3,24,1.25
2015-11-11,25,24.1,25,24.3,2.88
2015-11-12,25,24.5,25,25,0
2015-11-13,24.5,24.1,24.1,25,-3.6
2015-11-16,24.1,24.1,24.1,24.1,0
2015-11-18,24.8,23.8,24.8,24.1,2.9
2015-11-19,24.4,24,24,24.8,-3.23
2015-11-20,25.3,24.3,24.5,24,2.08
2015-11-23,25.2,24.9,25.2,24.5,2.86
2015-11-24,24.1,24.1,24.1,25.2,-4.37
2015-11-26,24.2,24.2,24.2,24.1,0.41
2015-11-27,24.5,24.2,24.5,24.2,1.24
2015-11-30,24.5,24.1,24.2,24.5,-1.22
2015-12-01,24.4,24,24,24.2,-0.83
2015-12-02,24.4,24,24,24,0
2015-12-03,23.3,23.3,24,24,0
2015-12-04,24,22.5,22.5,24,-6.25
2015-12-07,23.7,22.5,22.5,22.5,0
2015-12-08,23.5,22.5,22.6,22.5,0.44
2015-12-09,23.1,23,23,22.6,1.77
2015-12-10,23.3,23,23,23,0
2015-12-11,23,22.2,22.3,23,-3.04
2015-12-14,22.9,22.3,22.5,22.3,0.9
2015-12-15,22.9,22.5,22.5,22.5,0
2015-12-16,22.9,22.5,22.9,22.5,1.78
2015-12-18,23,23,23,22.9,0.44
2015-12-21,23,22.7,22.7,23,-1.3
2015-12-22,23,23,23,22.7,1.32
2015-12-23,23,22.8,22.8,23,-0.87
2015-12-28,23,22.5,22.5,22.8,-1.32
2015-12-29,22.7,22.5,22.6,22.5,0.44
2015-12-30,24.9,22.6,24.3,22.6,7.52
2015-12-31,24.8,24.3,24.3,24.3,0
2016-01-04,23.3,23.2,23.2,24.3,-4.53
2016-01-05,24.6,22.9,22.9,23.2,-1.29
2016-01-06,22.9,22.6,22.7,22.9,-0.87
2016-01-07,22.6,22.6,22.7,22.7,0
2016-01-08,23.4,22.6,22.6,22.7,-0.44
2016-01-11,22.5,21,21.4,22.6,-5.31
2016-01-12,22.6,22.5,22.6,21.4,5.61
2016-01-13,23,21,22.6,22.6,0
2016-01-14,21,20,20.5,22.6,-9.29
2016-01-18,23.5,21,21,20.5,2.44
2016-01-19,20.5,20,20,21,-4.76
2016-01-20,20.1,19.9,19.9,20,-0.5
2016-01-21,19.9,19.9,19.9,19.9,0
2016-01-22,21,20.4,20.8,19.9,4.52
2016-01-25,21.3,20.4,20.5,20.8,-1.44
2016-01-26,21,19.9,19.9,20.5,-2.93
2016-01-27,20,19.9,19.9,19.9,0
2016-01-28,20,20,20,19.9,0.5
2016-01-29,20,19.9,20,20,0
2016-02-02,20.4,19.5,20,20,0
2016-02-03,20,20,20,20,0
2016-02-05,20.5,20,20.4,20,2
2016-02-08,20.1,20,20,20.4,-1.96
2016-02-09,20,19.9,19.9,20,-0.5
2016-02-10,19.9,19.9,19.9,19.9,0
2016-02-11,19.9,19.7,19.7,19.9,-1.01
2016-02-12,20,19.7,19.7,19.7,0
2016-02-15,19.7,19.6,19.6,19.7,-0.51
2016-02-16,19.6,19.5,19.5,19.6,-0.51
2016-02-17,19.5,19.5,19.5,19.5,0
2016-02-18,19.6,19.5,19.6,19.5,0.51
2016-02-19,19.5,18.2,18.2,19.6,-7.14
2016-02-23,20,18.1,20,18.2,9.89
2016-02-24,19,18.6,18.6,20,-7
2016-02-25,20.4,18.6,20,18.6,7.53
2016-02-26,19.7,17.8,18,20,-10
2016-02-29,19,18.8,18.8,18,4.44
2016-03-01,19.5,18,19.5,18.8,3.72
2016-03-03,19.1,18,18.3,19.5,-6.15
2016-03-04,18.3,18,18,18.3,-1.64
2016-03-08,18.1,17.5,17.5,18,-2.78
2016-03-09,18,17,17.3,17.5,-1.14
2016-03-10,18,17.4,17.9,17.3,3.47
2016-03-11,18.2,18,18,17.9,0.56
2016-03-14,18,18,18,18,0
2016-03-15,18,17.9,17.9,18,-0.56
2016-03-16,18.4,17.7,18.2,17.9,1.68
2016-03-17,18.3,18,18,18.2,-1.1
2016-03-18,18.9,18.4,18.5,18,2.78
2016-03-21,18.9,18.9,18.5,18.5,0
2016-03-23,19.8,18.9,19,18.5,2.7
2016-03-24,20,19.4,19.7,19,3.68
2016-03-28,20,19.6,19.8,19.7,0.51
2016-03-29,19.1,18.6,18.6,19.8,-6.06
2016-03-30,18.8,18.7,18.8,18.6,1.08
2016-03-31,20,18.7,19.3,18.8,2.66
2016-04-01,20,19.8,19.9,19.3,3.11
2016-04-04,19.5,19.5,19.5,19.9,-2.01
2016-04-05,19.5,19.5,19.5,19.5,0
2016-04-06,20.9,20,20,19.5,2.56
2016-04-07,20,20,20,20,0
2016-04-08,19.9,19.9,19.9,20,-0.5
2016-04-11,20.9,20,19.9,19.9,0
2016-04-12,20.1,20.1,19.9,19.9,0
2016-04-15,21,21,19.9,19.9,0
2016-04-18,20.3,20,20.1,19.9,1.01
2016-04-19,20.1,20,20,20.1,-0.5
2016-04-20,22.6,20.1,20.4,20,2
2016-04-22,21.4,20.3,20.9,20.4,2.45
2016-04-25,21.5,20.9,21,20.9,0.48
2016-04-26,21.5,20.8,20.8,21,-0.95
2016-04-27,21.4,21,21,20.8,0.96
2016-04-29,21.4,20.9,21.1,21,0.48
2016-05-03,21.4,20.9,20.9,21.1,-0.95
2016-05-04,21.4,21.4,20.9,20.9,0
2016-05-05,20.8,20,20.3,20.9,-2.87
2016-05-06,20.5,20,20,20.3,-1.48
2016-05-09,21,20,20,20,0
2016-05-10,20.5,20.5,20,20,0
2016-05-11,21.3,21,21,20,5
2016-05-12,20.2,20.2,20.2,21,-3.81
2016-05-13,21,21,21,20.2,3.96
2016-05-16,21,21,21,21,0
2016-05-17,21,20.5,20.5,21,-2.38
2016-05-18,21.2,21,21,20.5,2.44
2016-05-19,21.3,20.7,20.7,21,-1.43
2016-05-20,21,20.7,20.8,20.7,0.48
2016-05-24,21.2,20.8,21,20.8,0.96
2016-05-25,21.4,21,21,21,0
2016-05-26,21.2,20.8,20.8,21,-0.95
2016-05-27,21,21,21,20.8,0.96
2016-05-30,21.2,21.2,21.2,21,0.95
2016-05-31,21.1,20.7,20.9,21.2,-1.42
2016-06-01,20.8,20.7,20.8,20.9,-0.48
2016-06-02,21,20.8,20.8,20.8,0
2016-06-03,20.9,20.7,20.7,20.8,-0.48
2016-06-06,21,21,21,20.7,1.45
2016-06-07,21,20.7,21,21,0
2016-06-09,21.1,20.6,20.7,21,-1.43
2016-06-10,21.1,20.8,20.8,20.7,0.48
2016-06-13,21,20.5,20.5,20.8,-1.44
2016-06-14,21,20.5,20.6,20.5,0.49
2016-06-15,21.1,21,21.1,20.6,2.43
2016-06-16,21,20.1,20.4,21.1,-3.32
2016-06-17,20.5,20.3,20.4,20.4,0
2016-06-20,20.3,20.3,20.3,20.4,-0.49
2016-06-21,22.2,20.3,20.4,20.3,0.49
2016-06-22,21,20.4,20.4,20.4,0
2016-06-24,20.5,20,20.1,20.4,-1.47
2016-06-27,20.9,20.3,20.4,20.1,1.49
2016-06-28,21,20.5,20.6,20.4,0.98
2016-06-29,20.6,20,20,20.6,-2.91
2016-06-30,20.6,19.6,20.1,20,0.5
2016-07-01,19.6,19,19.6,20.1,-2.49
2016-07-04,19.6,19.6,19.6,19.6,0
2016-07-05,19.5,19.2,19.2,19.6,-2.04
2016-07-07,20,20,20,19.2,4.17
2016-07-08,20,19.3,20,20,0
2016-07-11,19.3,19.2,19.2,20,-4
2016-07-12,19.2,17.7,19.1,19.2,-0.52
2016-07-13,19.2,19.2,19.1,19.1,0
2016-07-14,19.8,19,19.2,19.1,0.52
2016-07-18,18.6,18.5,18.5,19.2,-3.65
2016-07-20,18.9,18.5,18.5,18.5,0
2016-07-21,18.4,18.4,18.5,18.5,0
2016-07-22,19,18.4,18.5,18.5,0
2016-07-25,19,18.5,18.6,18.5,0.54
2016-07-26,19,19,19,18.6,2.15
2016-07-27,18.8,18.7,18.8,19,-1.05
2016-07-28,18.7,18.5,18.6,18.8,-1.06
2016-07-29,18.5,18.5,18.5,18.6,-0.54
2016-08-01,19,18.5,18.5,18.5,0
2016-08-02,19,18.5,18.9,18.5,2.16
2016-08-03,18.5,18.5,18.9,18.9,0
2016-08-05,19,18.8,19,18.9,0.53
2016-08-08,19,18.8,19,19,0
2016-08-09,19,18.7,18.9,19,-0.53
2016-08-10,19.7,18.8,19.5,18.9,3.17
2016-08-11,19.7,19.7,19.5,19.5,0
2016-08-12,19.7,19,19,19.5,-2.56
2016-08-15,19.4,19,19,19,0
2016-08-16,19,19,19,19,0
2016-08-18,19.4,18.7,18.7,19,-1.58
2016-08-19,19.3,18.7,18.7,18.7,0
2016-08-22,19.1,18.7,18.7,18.7,0
2016-08-23,19,18.8,19,18.7,1.6
2016-08-24,19.1,18.9,19,19,0
2016-08-25,19.1,18.7,19,19,0
2016-08-26,19,18.7,18.8,19,-1.05
2016-08-29,19,18.7,18.8,18.8,0
2016-08-30,19,19,18.8,18.8,0
2016-08-31,19,18.8,18.8,18.8,0
2016-09-01,18.8,18.5,18.7,18.8,-0.53
2016-09-05,18.8,18.8,18.8,18.7,0.53
2016-09-06,18.7,18.5,18.6,18.8,-1.06
2016-09-07,19,18.5,18.5,18.6,-0.54
2016-09-08,18.5,18.5,18.5,18.5,0
2016-09-09,18.5,18.5,18.5,18.5,0
2016-09-13,18.5,18.4,18.4,18.5,-0.54
2016-09-14,18.5,18.5,18.5,18.4,0.54
2016-09-15,18.7,18.4,18.7,18.5,1.08
2016-09-19,18.5,18.5,18.7,18.7,0
2016-09-20,18.6,18.5,18.5,18.7,-1.07
2016-09-21,18.9,18.5,18.9,18.5,2.16
2016-09-22,18.8,18.6,18.6,18.9,-1.59
2016-09-23,19,18.9,19,18.6,2.15
2016-09-26,18.9,18.7,18.7,19,-1.58
2016-09-27,18.7,18.7,18.7,18.7,0
2016-09-28,19,18.7,19,18.7,1.6
2016-09-29,19,19,19,19,0
2016-09-30,19.2,19.1,19.2,19,1.05
2016-10-03,19.3,19.3,19.3,19.2,0.52
2016-10-04,19.4,19.1,19.2,19.3,-0.52
2016-10-05,19.1,18.7,19,19.2,-1.04
2016-10-06,20.3,18.8,20,19,5.26
2016-10-07,20.7,19.9,20,20,0
2016-10-10,19.3,19.3,19.3,20,-3.5
2016-10-11,19.3,19.3,19.3,19.3,0
2016-10-12,19.3,19,19,19.3,-1.55
2016-10-13,19,19,19,19,0
2016-10-14,19.5,19.2,19.3,19,1.58
2016-10-17,19.1,19,19,19.3,-1.55
2016-10-18,19.5,19,19.3,19,1.58
2016-10-19,19.1,19.1,19.1,19.3,-1.04
2016-10-20,19.5,19.4,19.5,19.1,2.09
2016-10-21,19.8,19.1,19.8,19.5,1.54
2016-10-24,20.6,19.8,20,19.8,1.01
2016-10-25,20.9,19.9,20.7,20,3.5
2016-10-26,21,20,20,20.7,-3.38
2016-10-27,20.3,20.1,20.2,20,1
2016-10-28,20.4,20.1,20.3,20.2,0.5
2016-10-31,20.5,20.3,20.4,20.3,0.49
2016-11-01,20.5,20,20.1,20.4,-1.47
2016-11-02,20.2,20,20,20.1,-0.5
2016-11-03,20,19.5,19.5,20,-2.5
2016-11-04,20,19.5,19.5,19.5,0
2016-11-07,19.6,19.5,19.5,19.5,0
2016-11-08,19.8,19.5,19.5,19.5,0
2016-11-09,19.8,19.8,19.5,19.5,0
2016-11-10,20.2,19.5,20,19.5,2.56
2016-11-11,20.1,19.6,20,20,0
2016-11-15,20,19.6,19.6,20,-2
2016-11-16,19.9,19.6,19.9,19.6,1.53
2016-11-17,19.6,19.5,19.5,19.9,-2.01
2016-11-18,19.5,19.5,19.5,19.5,0
2016-11-21,19.2,19.1,19.2,19.5,-1.54
2016-11-22,19.2,19.1,19.2,19.2,0
2016-11-23,19.1,19.1,19.1,19.2,-0.52
2016-11-24,19.1,19.1,19.1,19.1,0
2016-11-25,19.7,19.1,19.4,19.1,1.57
2016-11-28,19.4,19.1,19.1,19.4,-1.55
2016-11-29,19.5,19.1,19.1,19.1,0
2016-11-30,19.3,19.1,19.1,19.1,0
2016-12-01,19.1,19.1,19.1,19.1,0
2016-12-02,19.1,19.1,19.1,19.1,0
2016-12-05,19.7,19.3,19.4,19.1,1.57
2016-12-06,19.3,19.2,19.2,19.4,-1.03
2016-12-07,19.5,19,19,19.2,-1.04
2016-12-08,19.3,19.2,19.2,19,1.05
2016-12-09,20.4,19.6,19.9,19.2,3.65
2016-12-14,20.3,19,19.1,19.9,-4.02
2016-12-15,19.1,19,19.1,19.1,0
2016-12-16,19.8,19.1,19.6,19.1,2.62
2016-12-20,19.2,19.1,19.1,19.6,-2.55
2016-12-21,19.6,19.1,19.2,19.1,0.52
2016-12-22,19.2,19.2,19.2,19.2,0
2016-12-23,19.3,19.1,19.1,19.2,-0.52
2016-12-28,19.5,19.1,19.2,19.1,0.52
2016-12-30,19.8,19.7,19.7,19.2,2.6
2017-01-02,19.8,19.8,19.7,19.7,0
2017-01-03,19.6,19.6,19.6,19.7,-0.51
2017-01-04,19.8,19.6,19.6,19.6,0
2017-01-05,19.8,19.6,19.6,19.6,0
2017-01-06,19.8,19.6,19.6,19.6,0
2017-01-09,19.9,19.6,19.6,19.6,0
2017-01-10,19.9,19.6,19.7,19.6,0.51
2017-01-11,20.1,19.6,19.9,19.7,1.02
2017-01-13,20.1,19.7,20.1,19.9,1.01
2017-01-16,20.1,20,20.1,20.1,0
2017-01-17,20.1,20,20,20.1,-0.5
2017-01-18,20.1,20.1,20.1,20,0.5
2017-01-19,20.5,20.1,20.5,20.1,1.99
2017-01-23,20.7,20.2,20.7,20.5,0.98
2017-01-24,21.1,20.7,21,20.7,1.45
2017-01-25,22.2,21.1,22.2,21,5.71
2017-01-26,24,22,23.5,22.2,5.86
2017-01-27,23.9,23.5,23.6,23.5,0.43
2017-01-30,23.7,22,23.5,23.6,-0.42
2017-01-31,22.9,22.1,22.8,23.5,-2.98
2017-02-01,23.2,22.6,23,22.8,0.88
2017-02-02,23,23,23,23,0
2017-02-03,23,22.6,23,23,0
2017-02-06,23,22.7,22.7,23,-1.3
2017-02-07,22.9,22.7,22.7,22.7,0
2017-02-08,22.9,22.6,22.6,22.7,-0.44
2017-02-09,23,23,23,22.6,1.77
2017-02-13,23,22.6,22.7,23,-1.3
2017-02-14,23,22.7,22.7,22.7,0
2017-02-15,23,22.8,23,22.7,1.32
2017-02-16,23,22.7,23,23,0
2017-02-17,23.2,23,23.1,23,0.43
2017-02-20,23,23,23,23.1,-0.43
2017-02-21,23,23,23,23,0
2017-02-22,23.2,23,23,23,0
2017-02-23,23.5,23.2,23.5,23,2.17
2017-02-27,23.4,23,23.1,23.5,-1.7
2017-02-28,23.3,22.8,23,23.1,-0.43
2017-03-01,23,23,23,23,0
2017-03-02,23,23,23,23,0
2017-03-03,23,22.9,22.9,23,-0.43
2017-03-07,22.5,22.5,22.5,22.9,-1.75
2017-03-08,22.8,22.5,22.8,22.5,1.33
2017-03-09,23,22.5,22.9,22.8,0.44
2017-03-10,23,22.6,23,22.9,0.44
2017-03-13,23,23,23,23,0
2017-03-14,22.7,22.6,22.7,23,-1.3
2017-03-15,23,22.8,23,22.7,1.32
2017-03-16,23,22.7,23,23,0
2017-03-17,23,22.7,23,23,0
2017-03-20,23,22.7,23,23,0
2017-03-21,23.2,23,23.2,23,0.87
2017-03-22,23,22.8,22.8,23.2,-1.72
2017-03-23,23.4,23,23.4,22.8,2.63
2017-03-24,23.6,23,23.5,23.4,0.43
2017-03-27,23.6,23.5,23.5,23.5,0
2017-03-28,23.6,23.6,23.6,23.5,0.43
2017-03-29,24.4,23.5,23.6,23.6,0
2017-03-30,24,23.5,24,23.6,1.69
2017-03-31,24.5,24,24.4,24,1.67
2017-04-03,24.7,24,24.6,24.4,0.82
2017-04-04,25,24.7,25,24.6,1.63
2017-04-05,25.9,25,25.5,25,2
2017-04-06,25.5,24.5,25.4,25.5,-0.39
2017-04-07,26.5,25.6,26.2,25.4,3.15
2017-04-11,27.5,26.5,27.5,26.2,4.96
2017-04-12,30,27,29.3,27.5,6.55
2017-04-17,29.7,28,28.1,29.3,-4.1
2017-04-18,28.4,27.6,28,28.1,-0.36
2017-04-19,29.5,28.2,28.7,28,2.5
2017-04-20,28.7,28,28.5,28.7,-0.7
2017-04-21,28,27.6,27.7,28.5,-2.81
2017-04-24,28,27.7,27.9,27.7,0.72
2017-04-25,28,27.7,27.9,27.9,0
2017-04-26,28,27.8,28,27.9,0.36
2017-04-27,31,27.9,30.1,28,7.5
2017-04-28,31,29.9,30.7,30.1,1.99
2017-05-02,31,30.1,30.9,30.7,0.65
2017-05-03,31.5,30.8,31.4,30.9,1.62
2017-05-04,32.5,31.5,32,31.4,1.91
2017-05-05,32,31.3,32,32,0
2017-05-08,32.8,32,32.5,32,1.56
2017-05-09,33,32.1,32.2,32.5,-0.92
2017-05-12,33,32.1,32.9,32.2,2.17
2017-05-15,33.6,33,33.3,32.9,1.22
2017-05-16,33.4,33.1,33.2,33.3,-0.3
2017-05-17,33,32,32,33.2,-3.61
2017-05-18,32.8,32.4,32.7,32,2.19
2017-05-19,34,32,33.9,32.7,3.67
2017-05-22,34.5,33.5,34,33.9,0.29
2017-05-23,33.9,33.1,33.9,34,-0.29
2017-05-24,34,33,33.6,33.9,-0.88
2017-05-25,34.3,33.5,34.1,33.6,1.49
2017-05-26,34.6,34,34.5,34.1,1.17
2017-05-29,34.8,33.7,33.9,34.5,-1.74
2017-05-30,33.7,32.3,32.5,33.9,-4.13
2017-05-31,33.5,32.8,33.3,32.5,2.46
2017-06-01,33.5,32.8,33.4,33.3,0.3
2017-06-02,33.7,32.5,33.4,33.4,0
2017-06-05,33.2,33,33,33.4,-1.2
2017-06-06,33,32.1,33,33,0
2017-06-07,33.5,32.9,33,33,0
2017-06-09,33.1,32.5,32.9,33,-0.3
2017-06-12,33,32.5,33,32.9,0.3
2017-06-13,33,32.3,32.6,33,-1.21
2017-06-14,32.9,32.5,32.9,32.6,0.92
2017-06-15,32.9,32.5,32.7,32.9,-0.61
2017-06-16,32.8,32.6,32.8,32.7,0.31
2017-06-19,32.7,32,32,32.8,-2.44
2017-06-20,32.1,32,32.1,32,0.31
2017-06-21,33,32,32.9,32.1,2.49
2017-06-22,32.9,32.1,32.2,32.9,-2.13
2017-06-23,32.7,32.5,32.2,32.2,0
2017-06-27,32.5,32.5,32.5,32.2,0.93
2017-06-28,32.9,30.6,31.5,32.5,-3.08
2017-06-29,32.7,30.9,32,31.5,1.59
2017-06-30,33,31,31.8,32,-0.62
2017-07-03,31.9,31.1,31.5,31.8,-0.94
2017-07-04,31.2,31.1,31.2,31.5,-0.95
2017-07-05,31.1,30.3,31,31.2,-0.64
2017-07-06,32.5,31.5,32.4,31,4.52
2017-07-07,32.9,32,32.3,32.4,-0.31
2017-07-10,32.6,32.5,32.5,32.3,0.62
2017-07-11,32.9,32.5,32.6,32.5,0.31
2017-07-12,33.8,32.9,33.7,32.6,3.37
2017-07-13,34.8,33.5,34.3,33.7,1.78
2017-07-14,34.6,34,34,34.3,-0.87
2017-07-17,34.1,34,34.1,34,0.29
2017-07-18,34.2,34,34,34.1,-0.29
2017-07-19,34.1,34,34.1,34,0.29
2017-07-20,34.1,34,34.1,34.1,0
2017-07-21,34.9,34,34.5,34.1,1.17
2017-07-24,35,34.2,35,34.5,1.45
2017-07-25,35,34.4,35,35,0
2017-07-26,35,34,34.1,35,-2.57
2017-07-27,34.5,34,34.5,34.1,1.17
2017-07-28,35,34.5,34.8,34.5,0.87
2017-07-31,35,34,34.2,34.8,-1.72
2017-08-01,34.5,34,34.5,34.2,0.88
2017-08-02,34.1,34.1,34.1,34.5,-1.16
2017-08-03,34,33.6,34,34.1,-0.29
2017-08-04,34.4,34,34.4,34,1.18
2017-08-08,34,34,34.4,34.4,0
2017-08-09,34.2,34,34.2,34.4,-0.58
2017-08-10,34.5,34.1,34.5,34.2,0.88
2017-08-11,34.1,34,34,34.5,-1.45
2017-08-14,34.3,34,34,34,0
2017-08-15,34.4,34,34.4,34,1.18
2017-08-16,34,34,34,34.4,-1.16
2017-08-17,34,33,33.2,34,-2.35
2017-08-18,33.5,33.5,33.5,33.2,0.9
2017-08-21,34,33.5,34,33.5,1.49
2017-08-22,34,33.5,34,34,0
2017-08-23,34,33.9,34,34,0
2017-08-24,34.1,34,34,34,0
2017-08-25,34.5,34.1,34.4,34,1.18
2017-08-28,34,33.9,34,34.4,-1.16
2017-08-29,34,34,34,34,0
2017-08-30,34,33.5,33.7,34,-0.88
2017-08-31,33.9,33,33,33.7,-2.08
2017-09-04,33.1,33.1,33.1,33,0.3
2017-09-06,33.2,33.1,33.2,33.1,0.3
2017-09-07,33.2,33.1,33.2,33.2,0
2017-09-08,33.9,33.1,33.5,33.2,0.9
2017-09-11,34,33.7,34,33.5,1.49
2017-09-12,34.5,33.6,34.5,34,1.47
2017-09-13,33.5,33.5,33.5,34.5,-2.9
2017-09-14,34,34,34,33.5,1.49
2017-09-15,35.2,34.4,35,34,2.94
2017-09-18,36.1,35.4,35.6,35,1.71
2017-09-19,36,35.6,35.8,35.6,0.56
2017-09-20,36,35,35.2,35.8,-1.68
2017-09-21,35,34.7,35,35.2,-0.57
2017-09-22,35,34.7,34.8,35,-0.57
2017-09-25,35,35,35,34.8,0.57
2017-09-26,35,34.9,35,35,0
2017-09-27,35,33.2,35,35,0
2017-09-28,34.8,34.5,34.5,35,-1.43
2017-09-29,35,34.5,34.9,34.5,1.16
2017-10-02,35,33.2,33.6,34.9,-3.72
2017-10-03,33.9,33,33.2,33.6,-1.19
2017-10-04,33.4,31.1,31.6,33.2,-4.82
2017-10-06,32.4,31.1,31.9,31.6,0.95
2017-10-09,33,31.8,31.8,31.9,-0.31
2017-10-10,31.6,30,30.8,31.8,-3.14
2017-10-11,31,30,30.1,30.8,-2.27
2017-10-12,31,31,31,30.1,2.99
2017-10-13,30.2,28.2,28.9,31,-6.77
2017-10-16,29.9,29,29.1,28.9,0.69
2017-10-17,30,29.2,30,29.1,3.09
2017-10-19,30.4,29.5,29.9,30,-0.33
2017-10-20,30.5,30,30,29.9,0.33
2017-10-23,30.5,30,30,30,0
2017-10-24,30,29.8,30,30,0
2017-10-25,29.8,29.8,29.8,30,-0.67
2017-10-26,29.9,29.5,29.9,29.8,0.34
2017-10-27,30.4,29.3,29.4,29.9,-1.67
2017-10-30,30,30,30,29.4,2.04
2017-10-31,30,29.4,30,30,0
2017-11-01,30,29.9,30,30,0
2017-11-02,30,29.5,30,30,0
2017-11-06,30,29.3,29.3,30,-2.33
2017-11-09,29.5,29,29,29.3,-1.02
2017-11-10,29.5,29,29.1,29,0.34
2017-11-13,29.4,29,29.4,29.1,1.03
2017-11-14,29.8,28.9,29.4,29.4,0
2017-11-15,29,29,29.4,29.4,0
2017-11-16,29,28.6,29,29.4,-1.36
2017-11-17,28.6,28.6,29,29,0
2017-11-20,29.5,28,29.3,29,1.03
2017-11-21,28.5,28,28.5,29.3,-2.73
2017-11-22,27.5,27.5,28.5,28.5,0
2017-11-23,28,27.6,27.6,28.5,-3.16
2017-11-24,29.4,28.7,29,27.6,5.07
2017-11-27,29,28,28,29,-3.45
2017-11-28,28.1,28,28,28,0
2017-11-29,28.6,28,28,28,0
2017-11-30,28.9,28.7,28.8,28,2.86
2017-12-04,28.9,27.7,27.9,28.8,-3.13
2017-12-05,28,27.5,27.7,27.9,-0.72
2017-12-06,27.5,25.2,27.5,27.7,-0.72
2017-12-07,28,26,27.1,27.5,-1.45
2017-12-08,28,27,27.3,27.1,0.74
2017-12-11,26.1,26.1,27.3,27.3,0
2017-12-12,27,27,27,27.3,-1.1
2017-12-13,27.1,27,27,27,0
2017-12-14,28.2,28.2,28.2,27,4.44
2017-12-15,28.2,27.4,27.8,28.2,-1.42
2017-12-18,27.4,27.1,27.4,27.8,-1.44
2017-12-19,27.9,27.1,27.7,27.4,1.09
2017-12-21,27.1,26.1,27,27.7,-2.53
2017-12-22,27,26.9,26.9,27,-0.37
2017-12-26,28.3,27,27.3,26.9,1.49
2017-12-27,28.6,28,28,27.3,2.56
2017-12-28,28,27.5,28,28,0
2017-12-29,27.7,27.4,27.7,28,-1.07
