date,high,low,close,open,traders,shares,turnover
2013-01-02,35,33,33.8,33.8,17,7271,244565
2013-01-03,33.1,33,33,33.8,6,700,23104.1
2013-01-07,32.6,32.6,32.6,33,1,18,586.8
2013-01-08,32.5,32.5,32.5,32.6,1,1,32.5
2013-01-09,32.5,31.4,32.5,32.5,2,204,6625.6
2013-01-16,33,33,33,32.5,3,600,19800
2013-01-18,34.4,31.6,31.6,33,8,288,9129.6
2013-01-21,32,31.5,32,31.6,2,102,3263
2013-01-22,33.9,29,33.9,32,7,703,21271.6
2013-01-24,33.8,32,32,33.9,2,101,3233.8
2013-01-28,32.2,30.8,31.9,32,12,3220,102720
2013-01-29,31.2,31.2,31.2,31.9,2,13062,407534.4
2013-01-31,32.4,32.4,32.4,31.2,2,50,1620
2013-02-01,32.4,31.8,32.2,32.4,3,101,3251.8
2013-02-05,32.5,30.8,31,32.2,10,1150,35864
2013-02-06,31,30.9,31,31,2,20,619
2013-02-07,32.8,32.8,32.8,31,1,100,3280
2013-02-08,31.4,31.4,31.4,32.8,1,50,1570
2013-02-11,31.5,31.4,31.4,31.4,3,400,12575
2013-02-12,32.8,31.4,32.8,31.4,5,163,5204.4
2013-02-14,32,32,32,32.8,2,1197,38304
2013-02-15,32.5,32,32.5,32,5,1783,57061
2013-02-18,31.7,31.6,31.6,32.5,4,890,28132
2013-02-19,32,31.5,31.6,31.6,5,1762,55673.2
2013-02-21,34,31.5,31.6,31.6,9,132,4222
2013-02-22,33.2,33.2,33.2,31.6,2,2,66.4
2013-02-27,33.1,31.5,32.9,33.2,3,11,362.4
2013-03-01,33.2,33.2,33.2,32.9,1,1,33.2
2013-03-05,33.2,26.6,26.6,33.2,4,311,9665.2
2013-03-06,30,27.1,30,26.6,10,12000,331000
2013-03-07,30,28.5,30,30,6,3789,112786.5
2013-03-08,29,29,29,30,1,1000,29000
2013-03-11,29.9,28.3,29.3,29,14,2393,70166.4
2013-03-12,28.6,28.6,28.6,29.3,1,28,800.8
2013-03-13,29.8,28.8,29.4,28.6,4,1102,32442.6
2013-03-14,29.8,29.8,29.8,29.4,1,38,1132.4
2013-03-15,29.1,28.8,29,29.8,4,2500,72201.5
2013-03-18,31,30.5,30.5,29,4,1301,39681
2013-03-19,30.5,30.4,30.5,30.5,3,525,16012
2013-03-20,30.5,30.4,30.5,30.5,5,1011,30830.5
2013-03-21,32,30.5,31.3,30.5,15,12644,385979.5
2013-03-22,35.5,30,32,31.3,27,16049,552632
2013-03-25,34.8,33,33,32,4,1011,33364.8
2013-03-27,32,31,31,33,14,14304,443540.5
2013-03-28,34.9,32.9,33.9,31,13,14202,491487.4
2013-04-01,33,32,32.4,33.9,8,1330,43070
2013-04-02,32,31.1,32,32.4,4,224,6984.4
2013-04-03,33.8,32.3,33.1,32,26,6658,220479.5
2013-04-04,31.3,31.1,31.2,33.1,6,713,22219
2013-04-05,33.4,31.3,33.4,31.2,4,61,2016.4
2013-04-08,33.5,33.5,33.5,33.4,1,100,3350
2013-04-10,34,32,33.8,33.5,7,3134,105862.5
2013-04-11,34,34,34,33.8,5,150,5100
2013-04-12,33.9,33.7,33.9,34,4,151,5116.7
2013-04-16,34,33.9,34,33.9,8,1004,34100
2013-04-17,34,33.6,33.6,34,8,1807,60816.8
2013-04-18,34.4,33,33.3,33.6,5,263,8802.4
2013-04-19,33.1,32.5,32.7,33.3,7,4000,130851
2013-04-22,34.3,32.7,34.3,32.7,4,201,6579.3
2013-04-23,35.6,33.1,33.2,34.3,9,215,7191.9
2013-04-24,34.3,32.6,32.9,33.2,11,3259,107314.5
2013-04-26,34.3,33.5,34.3,32.9,16,1144,38437.8
2013-04-29,34.5,32.6,33.7,34.3,19,3720,126151.6
2013-04-30,33.9,33.9,33.9,33.7,3,900,30510
2013-05-02,34,32.5,34,33.9,8,3020,98442.5
2013-05-03,33.9,33.9,33.9,34,2,51,1728.9
2013-05-06,34,33,33.1,33.9,18,5101,168906.8
2013-05-07,33,32.5,32.5,33.1,14,8775,287268.3
2013-05-08,32.8,32.6,32.8,32.5,2,549,17997.4
2013-05-09,35.4,33,34.8,32.8,94,37660,1301966.2
2013-05-10,35.4,34.5,35.2,34.8,26,6785,235665.5
2013-05-13,35.3,35,35.2,35.2,33,2732,96128.5
2013-05-14,35.4,35,35.2,35.2,9,318,11196.4
2013-05-15,35.4,34.9,35.1,35.2,24,3157,110450.7
2013-05-16,35.2,34.6,35,35.1,11,270,9448.2
2013-05-17,35,34.6,34.9,35,22,4697,164087.8
2013-05-20,35,34,34,34.9,26,3521,120157.1
2013-05-21,34.9,34.2,34.3,34,14,3836,132991.7
2013-05-22,35,34,34.2,34.3,28,8130,279941.8
2013-05-23,34.9,34,34.5,34.2,4,1102,38018.9
2013-05-27,34.5,33.8,33.9,34.5,25,5670,192913.3
2013-05-28,33,32,32.1,33.9,19,6020,194499.2
2013-05-29,32.7,30.1,30.2,32.1,13,2712,83731.7
2013-05-30,32,30.1,31.4,30.2,6,1316,39778.2
2013-05-31,30.5,30.3,30.4,31.4,5,2000,60900
2013-06-03,32,30.3,30.8,30.4,18,623,19350.6
2013-06-04,31.9,30.6,30.6,30.8,6,327,10136.2
2013-06-05,31.7,30.1,30.3,30.6,18,2064,62520.5
2013-06-06,31.7,23,29.3,30.3,28,6562,192128.5
2013-06-07,31.2,29.1,31.2,29.3,2,6,176.7
2013-06-10,29.3,29.3,29.3,31.2,3,99,2900.7
2013-06-11,29.3,29.1,29.2,29.3,4,248,7245
2013-06-12,29.2,29.2,29.2,29.2,1,20,584
2013-06-13,30.3,29,29.1,29.2,11,1727,50217.3
2013-06-14,28.6,28.6,28.6,29.1,4,18,514.8
2013-06-17,29.8,28.6,28.9,28.6,15,1105,32124.2
2013-06-18,29.8,27.6,28.2,28.9,9,2170,61211.8
2013-06-20,27.6,27.3,27.4,28.2,13,5920,162782
2013-06-21,27.1,27,27,27.4,4,456,12334
2013-06-24,27.1,27.1,27.1,27,1,1,27.1
2013-06-26,28.8,27.3,27.3,27.1,5,1530,44012
2013-07-01,28,27,27.1,27.3,8,2264,61341.8
2013-07-02,28,27,28,27.1,5,1370,37118
2013-07-03,27.9,27.9,27.9,28,4,104,2901.6
2013-07-04,26.7,26.7,26.7,27.9,1,217,5793.9
2013-07-05,26.8,26.7,26.7,26.7,3,320,8550
2013-07-08,26.8,26.8,26.8,26.7,3,200,5360
2013-07-09,26.9,26.7,26.8,26.8,4,254,6801.8
2013-07-10,26.2,26,26.1,26.8,5,520,13552
2013-07-11,26,25,25.7,26.1,8,451,11611.6
2013-07-12,25.1,25,25.1,25.7,12,3465,86829.6
2013-07-15,25.1,25.1,25.1,25.1,2,600,15060
2013-07-16,27.1,25,25,25.1,9,85,2188.6
2013-07-19,26,24,24.3,25,51,30367,733181.9
2013-07-23,25.5,24.5,24.9,24.3,11,10348,258288
2013-07-24,24.5,24.3,24.3,24.9,6,1770,43041
2013-07-25,25,24,24.5,24.3,30,169023,4139939
2013-07-26,24.5,24.5,24.5,24.5,1,50,1225
2013-07-29,24.7,24.7,24.7,24.5,1,500,12350
2013-07-30,25,24.7,24.8,24.7,6,1200,29790
2013-07-31,25.3,24.6,24.7,24.8,7,1122,27636.7
2013-08-01,25,25,25,24.7,2,1030,25750
2013-08-02,24.7,24.7,24.7,25,2,130,3211
2013-08-06,25,25,25,24.7,1,4,100
2013-08-07,25,24.7,24.7,25,3,297,7338.9
2013-08-08,25,24.6,24.7,24.7,5,400,9890.6
2013-08-13,24.5,24.5,24.5,24.7,3,260,6370
2013-08-14,24.1,24,24,24.5,10,1060,25442
2013-08-15,24,24,24,24,2,1000,24000
2013-08-19,25,23.7,24.6,24,8,401,9849.4
2013-08-22,24.7,23.8,24,24.6,7,992,23827.8
2013-08-23,23.7,23.7,23.7,24,3,110,2607
2013-08-26,23.7,23.5,23.6,23.7,9,1600,37781.1
2013-08-27,24.8,23.5,23.9,23.6,4,277,6630.8
2013-08-28,23.5,23.1,23.5,23.9,2,104,2442.4
2013-08-29,23.5,23,23.2,23.5,15,3321,76854.7
2013-08-30,23.6,23,23,23.2,15,1566,36022.8
2013-09-02,23,23,23,23,1,2,46
2013-09-03,23,22.8,22.9,23,10,4340,99185.8
2013-09-04,22.7,22.6,22.7,22.9,5,1060,24061
2013-09-05,25.2,22.3,23.9,22.7,14,5140,127766.1
2013-09-06,22.3,22.3,22.3,23.9,1,8,178.4
2013-09-09,22.2,22,22.1,22.3,6,2200,48520.6
2013-09-10,22.5,22.2,22.5,22.1,4,2050,46110
2013-09-11,23.5,22.7,23.3,22.5,9,1929,44689.5
2013-09-13,23.3,23.2,23.3,23.3,3,123,2856.1
2013-09-16,23.5,23.1,23.5,23.3,3,2078,48832.6
2013-09-18,24,24,24,23.5,3,210,5040
2013-09-20,24.5,24.5,24.5,24,3,3300,80850
2013-09-23,24.5,23,23,24.5,8,1701,40673
2013-09-24,23.5,23,23,23,5,542,12516
2013-09-25,23.5,23.1,23.2,23,3,302,6997
2013-09-26,23,22.1,22.9,23.2,17,3661,81578
2013-09-27,23.5,23.5,23.5,22.9,4,1498,35203
2013-09-30,22.9,22.9,22.9,23.5,1,99,2267.1
2013-10-02,23.9,23.9,23.9,22.9,2,2,47.8
2013-10-03,23.6,23.5,23.5,23.9,4,601,14126.1
2013-10-04,23.3,22.8,23.3,23.5,8,5203,121208.4
2013-10-07,24.4,24.4,24.4,23.3,1,2,48.8
2013-10-08,24.4,24,24.4,24.4,18,7809,189257.4
2013-10-09,25,24.3,24.3,24.4,62,125253,3093720.6
2013-10-11,24.7,24.7,24.7,24.3,1,10,247
2013-10-14,24.6,24,24,24.7,7,4701,112864.1
2013-10-15,24.5,24,24,24,13,2221,53644
2013-10-17,24,24,24,24,5,2560,61440
2013-10-21,24.8,23.6,23.7,24,10,1169,27696
2013-10-22,24,23.7,23.8,23.7,7,1580,37620
2013-10-23,24,24,24,23.8,1,1,24
2013-10-25,24.6,23.6,23.7,24,14,2421,57479.6
2013-10-28,24.5,24,24,23.7,4,43,1033.5
2013-10-29,24.6,24.6,24.6,24,1,30,738
2013-10-30,24.4,24.4,24.4,24.6,1,10,244
2013-11-01,24,23.9,24,24.4,2,201,4823.9
2013-11-04,24.4,23.8,23.9,24,13,2634,62913
2013-11-05,23.9,23.7,23.9,23.9,3,1640,39068
2013-11-06,23.7,23,23.5,23.9,11,18800,434035
2013-11-07,23.6,23.2,23.6,23.5,7,6374,148653.7
2013-11-08,23.5,23,23,23.6,14,2299,53376.5
2013-11-11,23.4,23.1,23.1,23,8,2750,63729
2013-11-12,23.1,22.6,23.1,23.1,2,920,21227
2013-11-13,23.1,23.1,23.1,23.1,2,900,20790
2013-11-14,23.4,23,23,23.1,5,1069,24844.6
2013-11-15,23.4,22.5,22.7,23,15,5515,125810
2013-11-18,22.5,22.4,22.4,22.7,5,2600,58290
2013-11-19,22.4,22.4,22.4,22.4,1,50,1120
2013-11-20,22.4,22.4,22.4,22.4,1,2,44.8
2013-11-21,23,23,23,22.4,3,240,5520
2013-11-22,22.7,22.4,22.5,23,5,300,6750.1
2013-11-25,23,22.2,23,22.5,3,51,1137.1
2013-12-03,23,23,23,23,2,40,920
2013-12-04,23,23,23,23,7,135,3105
2013-12-06,22.5,22,22.4,23,7,2251,50411
2013-12-09,22.4,22,22.1,22.4,10,2851,62816.4
2013-12-11,21.8,21.8,21.8,22.1,3,72,1569.6
2013-12-12,21.8,21.8,21.8,21.8,1,20,436
2013-12-13,21.8,21,21.3,21.8,18,5713,121960.4
2013-12-17,21.5,21.5,21.5,21.3,11,7122,153123
2013-12-18,22.5,22.5,22.5,21.5,4,1968,44280
2013-12-19,22.7,22.7,22.7,22.5,1,2,45.4
2013-12-20,22.6,21.8,22.6,22.7,3,586,13223.7
2013-12-24,22.5,22.5,22.5,22.6,4,247,5557.5
2013-12-27,22.7,22.5,22.7,22.5,12,2898,65314.2
2013-12-30,23,23,23,22.7,4,359,8257
2013-12-31,23.9,23.5,23.9,23,12,5456,130142.4
2014-01-03,24.4,23.8,24,23.9,13,1531,36679.8
2014-01-06,24.4,23,23,24,16,4268,99984.3
2014-01-07,24,24,24,23,3,225,5400
2014-01-08,24.3,23.8,23.8,24,16,60719,1457162
2014-01-09,23.9,23.5,23.5,23.8,11,2918,68904.7
2014-01-10,23.5,23.5,23.5,23.5,1,3000,70500
2014-01-16,24.3,23,24.3,23.5,23,64806,1500548.6
2014-01-17,24.2,24.2,24.2,24.3,1,1,24.2
2014-01-20,24.1,24,24,24.2,4,300,7220
2014-01-21,24.1,24,24,24,3,5010,120241
2014-01-22,24.2,23.5,24.1,24,12,24197,581805.5
2014-01-23,26,24,25.2,24.1,44,34833,852402.9
2014-01-24,25.5,25,25,25.2,11,4411,111937.5
2014-01-27,24.5,24.5,24.5,25,8,3750,91875
2014-01-28,25.2,24.5,25,24.5,14,15157,374373.2
2014-01-29,25.5,25,25.4,25,7,1248,31609
2014-01-30,25.4,24.5,24.6,25.4,7,3290,81734
2014-01-31,28.5,24.7,27.7,24.6,18,52243,1445452
2014-02-03,27.4,24.5,25.5,27.7,8,1001,25521.5
2014-02-05,24.6,24,24.2,25.5,10,2762,66967.5
2014-02-06,24.4,24,24.4,24.2,3,2200,53200
2014-02-07,25,23.6,25,24.4,10,4071,98310.6
2014-02-10,25,23.6,24.9,25,5,16600,414168.4
2014-02-11,24.9,24,24.9,24.9,6,10355,257002.5
2014-02-12,24,24,24,24.9,5,1112,26688
2014-02-13,25,24.9,25,24,7,28800,719720
2014-02-17,24.5,24.5,24.5,25,1,3000,73500
2014-02-18,24.9,23.5,24.9,24.5,2,1101,25874.9
2014-02-19,24.7,24.7,24.7,24.9,1,10,247
2014-02-20,24,23,23,24.7,5,1300,30002
2014-02-21,24.7,24.7,24.7,23,1,10,247
2014-02-24,24.5,23.5,23.5,24.7,3,153,3598.5
2014-02-25,23.4,23.4,23.4,23.5,4,1020,23868
2014-02-28,24,24,24,23.4,3,200,4800
2014-03-03,24.3,24.1,24.3,24,3,110,2671
2014-03-04,24,23.8,23.8,24.3,6,2590,62056
2014-03-05,23.8,23.8,23.8,23.8,1,100,2380
2014-03-06,24.3,24.1,24.3,23.8,6,504,12246.7
2014-03-07,23.8,23.7,23.7,24.3,3,120,2854
2014-03-11,24.4,23.3,23.8,23.7,9,1052,24648.8
2014-03-12,24.4,24.4,24.4,23.8,2,3,73.2
2014-03-13,24.1,23,24,24.4,10,5959,142618.5
2014-03-14,24.2,23,24.2,24,5,1002,23050.3
2014-03-18,24,23.2,23.2,24.2,2,100,2321.6
2014-03-20,24.3,23.5,24.2,23.2,8,1052,25348.8
2014-03-24,23.2,23.2,23.2,24.2,4,3200,74240
2014-03-25,23.3,23.2,23.3,23.2,4,1500,34905
2014-03-26,23.3,23.3,23.3,23.3,2,2400,55920
2014-03-27,25,24,25,23.3,18,40077,1000149.4
2014-03-28,24,24,24,25,1,7000,168000
2014-03-31,25,23.4,23.6,24,5,81,1916
2014-04-02,24,24,24,23.6,1,500,12000
2014-04-04,24.8,24,24,24,20,8795,211130
2014-04-07,24,24,24,24,5,3000,72000
2014-04-08,25,24,25,24,16,17052,424239.6
2014-04-09,25.4,25,25,25,50,132688,3317200.4
2014-04-10,25.5,25.5,25.5,25,5,7629,194539.5
2014-04-11,25,25,25,25.5,5,3048,76200
2014-04-16,25.5,24.8,24.8,25,3,122,3031
2014-04-17,25,24.8,24.9,24.8,5,1685,41916.5
2014-04-21,25.2,25,25,24.9,15,19253,481475.6
2014-04-22,25,24.9,24.9,25,4,605,15074.5
2014-04-23,24.5,24.5,24.5,24.9,1,449,11000.5
2014-04-24,24.6,24.5,24.6,24.5,3,748,18356
2014-04-25,24.9,24.9,24.9,24.6,1,10,249
2014-04-28,24.9,24,24.5,24.9,22,16279,396973.8
2014-04-29,24.7,24.2,24.3,24.5,6,502,12258.6
2014-04-30,24.7,24,24.5,24.3,9,3820,92293.8
2014-05-02,24.5,24.1,24.5,24.5,14,86120,2076768.5
2014-05-05,25,24.6,25,24.5,9,3850,95595
2014-05-06,25,24.6,24.6,25,10,2008,49410.9
2014-05-07,24.8,24.7,24.8,24.6,20,5169,128181.2
2014-05-08,24.8,24.6,24.6,24.8,16,736,18157.8
2014-05-09,25,24.9,25,24.6,28,3800,94850.6
2014-05-12,25,24.6,24.9,25,16,22371,556813.2
2014-05-13,25,24.7,24.9,24.9,17,306,7613.2
2014-05-16,24.8,24.6,24.7,24.9,7,1000,24670.6
2014-05-19,23.9,23.5,23.9,24.7,30,7142,168800.2
2014-05-20,23.6,23.6,23.6,23.9,2,27,637.2
2014-05-21,23.6,23.5,23.5,23.6,9,6300,148108.9
2014-05-22,24.1,23.6,23.6,23.5,2,3,71.3
2014-05-23,24.3,24.3,24.3,23.6,3,3,72.9
2014-05-26,23.8,23.5,23.5,24.3,13,1055,24891.8
2014-05-27,24,23.4,23.6,23.5,8,1170,27781.8
2014-05-28,23.4,23.4,23.4,23.6,2,10,234
2014-05-29,24,24,24,23.4,3,30,720
2014-05-30,23.4,23.4,23.4,24,9,424,9921.6
2014-06-02,24,23,23,23.4,11,7607,175476
2014-06-03,23,23,23,23,4,103,2369
2014-06-04,23.7,23,23.2,23,6,1082,24892.4
2014-06-05,24.4,23.7,24,23.2,15,14563,349199.7
2014-06-09,24.3,23.1,24,24,7,2473,59268.3
2014-06-10,23.2,23.2,23.2,24,2,231,5359.2
2014-06-11,25,24,24.8,23.2,19,74549,1833221
2014-06-13,24.5,24,24,24.8,11,24693,592633
2014-06-16,24.9,24.1,24.1,24,2,27,670.7
2014-06-17,24.2,24,24,24.1,2,185,4442
2014-06-18,24,24,24,24,2,199,4776
2014-06-19,24.2,24.1,24.2,24,3,41,988.2
2014-06-20,24.4,24,24,24.2,7,5335,128131.5
2014-06-23,24.5,24,24,24,7,200850,4820450
2014-06-24,24,23.6,24,24,5,55046,1321096
2014-06-25,23.7,23.7,23.7,24,1,4,94.8
2014-06-26,23.6,23.6,23.6,23.7,1,50,1180
2014-06-27,23.7,23.6,23.6,23.6,7,3800,89720
2014-06-30,24.7,23.5,23.5,23.6,8,8640,203195.8
2014-07-01,23.5,23.5,23.5,23.5,2,610,14335
2014-07-02,24.7,24.7,24.7,23.5,1,2,49.4
2014-07-03,23.6,23.6,23.6,24.7,1,500,11800
2014-07-04,24.6,24.6,24.6,23.6,1,1,24.6
2014-07-07,24.7,24.7,24.7,24.6,1,1,24.7
2014-07-08,24,23.5,23.6,24.7,10,2198,51895.6
2014-07-09,24.3,23.6,23.7,23.6,7,694,16511.5
2014-07-10,24.5,23.6,24.4,23.7,6,414,10119.4
2014-07-11,24.5,24.5,24.5,24.4,3,987,24181.5
2014-07-15,24.6,24.5,24.6,24.5,5,420,10320.7
2014-07-16,24.4,24.3,24.4,24.6,5,1000,24389.9
2014-07-17,24.4,23.6,24.4,24.4,6,920,22132
2014-07-18,24.4,24.4,24.4,24.4,1,1,24.4
2014-07-22,24,23.6,24,24.4,6,4330,103869.5
2014-07-24,25,24.3,24.3,24,16,5540,137716.1
2014-07-25,23.8,23.8,23.8,24.3,2,361,8591.8
2014-07-28,24,24,24,23.8,3,1000,24000
2014-07-31,24.7,24.3,24.7,24,15,1859,45571.6
2014-08-01,29.5,24.8,25.5,24.7,31,40547,1044784.5
2014-08-04,25.9,25.5,25.5,25.5,2,30,773
2014-08-05,25,25,25,25.5,3,5,125
2014-08-06,26,25,25.9,25,4,236,5932.5
2014-08-07,26,25.5,25.8,25.9,4,6000,154999
2014-08-08,25.5,25.5,25.5,25.8,2,100,2550
2014-08-12,26.1,25.4,26,25.5,15,23064,599127.7
2014-08-13,26.1,25.1,26,26,5,1195,31064.5
2014-08-14,26.5,26.3,26.3,26,16,2545,67427.5
2014-08-15,27,26,26.2,26.3,6,1516,39779.7
2014-08-19,25.8,25,25,26.2,7,5022,125553.6
2014-08-20,25.8,25.8,25.8,25,1,5,129
2014-08-21,25.5,24.8,25.2,25.8,7,96,2414.3
2014-08-22,25,24.5,24.5,25.2,3,560,13858.2
2014-08-25,25.8,24.6,25,24.5,10,7231,180934.2
2014-08-26,25.9,25,25.5,25,5,2014,50359.4
2014-08-27,25.3,25.3,25.3,25.5,3,100,2530
2014-08-28,25.8,24.5,24.5,25.3,24,3154,78004.7
2014-09-01,25,25,25,24.5,1,1000,25000
2014-09-02,25.5,25,25.4,25,11,1744,43897.8
2014-09-03,25,24.5,24.9,25.4,3,2700,67150
2014-09-04,25.7,25,25.5,24.9,19,36746,921133.5
2014-09-05,25,25,25,25.5,2,5100,127500
2014-09-09,25.2,25,25,25,8,14541,363695
2014-09-10,25.5,25,25,25,19,32076,802121.3
2014-09-11,25.1,25,25,25,5,6087,152275
2014-09-12,25.5,25.5,25.5,25,2,2046,52173
2014-09-15,25.5,25.5,25.5,25.5,4,1500,38250
2014-09-16,25.1,25,25,25.5,3,500,12511
2014-09-17,25.6,25,25.3,25,11,1330,33508.8
2014-09-18,25.9,25.7,25.9,25.3,6,3081,79759.5
2014-09-19,26.1,25.9,26.1,25.9,3,1063,27731.7
2014-09-22,25.2,25.2,25.2,26.1,1,1,25.2
2014-09-24,26,26,26,25.2,1,1,26
2014-09-25,25.1,25.1,25.1,26,2,600,15060
2014-09-26,26.9,26,26.1,25.1,26,17273,450689.1
2014-09-29,25.3,25.3,25.3,26.1,2,400,10120
2014-10-02,26,24.9,25,25.3,15,15148,379408.2
2014-10-03,26.4,25,25.5,25,3,365,9283.4
2014-10-07,26.2,25.6,25.7,25.5,3,75,1929.2
2014-10-09,26.8,26,26.2,25.7,15,6359,166699.2
2014-10-10,26.8,25.1,25.7,26.2,26,2271,58507.6
2014-10-13,26.5,25.5,26,25.7,23,11385,292652
2014-10-14,26.3,26,26,26,9,23527,611809
2014-10-15,29.5,26.4,28.7,26,93,75498,2101766.9
2014-10-16,28.5,27.2,28.5,28.7,9,2770,77839.6
2014-10-17,29.2,28.6,29,28.5,27,94040,2727046.6
2014-10-20,28.6,27.3,28.4,29,7,9225,262265
2014-10-23,27.7,27.3,27.4,28.4,3,260,7118
2014-10-24,28,27.9,28,27.4,4,198,5534.2
2014-10-27,28.6,27.5,27.5,28,9,7925,225374.8
2014-10-28,28,28,28,27.5,2,10,280
2014-10-29,27.5,27.2,27.4,28,4,200,5486.5
2014-10-31,27.6,27.4,27.6,27.4,6,635,17426
2014-11-03,28,27.4,27.4,27.6,3,1140,31266
2014-11-04,27.9,27.5,27.5,27.4,4,2050,56395
2014-11-05,27.6,26.7,27.6,27.5,2,101,2786.7
2014-11-07,27.7,27.5,27.6,27.6,7,842,23219.1
2014-11-10,28,27,27.5,27.6,8,4098,113727.2
2014-11-11,29,28,28,27.5,8,2180,62499.2
2014-11-12,28,27.6,28,28,2,1504,42110.4
2014-11-13,27.6,27.1,27.1,28,2,8,220.3
2014-11-14,28.5,27.2,27.7,27.1,6,1361,37707.2
2014-11-17,27.9,27,27.8,27.7,12,10959,301965
2014-11-18,27,26,26,27.8,26,1238253,32202072.3
2014-11-19,26.9,26,26.4,26,16,2649,69734.2
2014-11-20,26.9,26,26.8,26.4,4,435,11562.5
2014-11-21,26.7,26,26,26.8,6,8111,210956
2014-11-24,26.5,26,26,26,11,16572,430937.5
2014-11-25,26.9,26.9,26.9,26,1,10,269
2014-11-26,26.5,26.5,26.5,26.9,1,100,2650
2014-11-27,26.4,26,26.1,26.5,7,9866,256536
2014-11-28,26.2,26.2,26.2,26.1,1,50,1310
2014-12-01,26.5,26,26.5,26.2,3,2452,64977
2014-12-02,26.9,26,26,26.5,2,2010,52269
2014-12-04,26.5,26,26.1,26,3,420,10945
2014-12-05,26.8,26,26.1,26.1,6,32086,838599.2
2014-12-09,26.1,26,26,26.1,2,455,11830.5
2014-12-11,26.1,26,26,26,3,2500,65001
2014-12-12,27.2,26,27.2,26,7,3103,83241
2014-12-15,27.1,27.1,27.1,27.2,2,190,5149
2014-12-16,27.5,27.2,27.3,27.1,3,230,6271
2014-12-17,27.5,27.5,27.5,27.3,2,130,3575
2014-12-18,27.6,27.6,27.6,27.5,1,6,165.6
2014-12-24,27.6,25.8,27.6,27.6,4,298,7779
2014-12-29,27.4,27.4,27.4,27.6,1,14,383.6
2014-12-30,27.5,27.5,27.5,27.4,2,95,2612.5
2014-12-31,27.5,27.1,27.1,27.5,4,216,5900
2015-01-06,27.6,27.1,27.6,27.1,6,3644,100241
2015-01-07,27,27,27,27.6,3,5100,137700
2015-01-08,27,27,27,27,1,1000,27000
2015-01-09,27.5,27.2,27.5,27,2,850,23345
2015-01-19,26,25,25,27.5,10,8710,220725
2015-01-20,25.1,25,25.1,25,4,30094,752359.5
2015-01-21,28.6,28.5,28.6,25.1,4,502,14357.1
2015-01-23,25.9,25,25,28.6,14,6082,152226.3
2015-01-26,25.1,25.1,25.1,25,2,200,5020
2015-01-27,25.1,25.1,25.1,25.1,5,3970,99647
2015-01-29,26,25.1,25.5,25.1,7,4700,119850
2015-01-30,25.2,25,25.1,25.5,7,1200,30050
2015-02-10,25.1,25.1,25.1,25.1,1,1,25.1
2015-02-11,23.5,23.5,23.5,25.1,1,110,2585
2015-02-16,26.2,24.7,26,23.5,17,44878,1166385.2
2015-02-18,25.5,25.5,25.5,26,1,11,280.5
2015-02-19,26.3,25.5,26.2,25.5,6,11666,297488
2015-02-20,24.6,24.6,24.6,26.2,2,105,2583
2015-02-23,26.3,26.3,26.3,24.6,1,1,26.3
2015-02-25,27.1,26.3,26.7,26.3,2,11,293.3
2015-02-26,25.6,25.6,25.6,26.7,1,10,256
2015-02-27,25.5,25.4,25.5,25.6,3,531,13490.5
2015-03-02,25.3,25.3,25.3,25.5,1,15,379.5
2015-03-03,25.3,25.3,25.3,25.3,1,100,2530
2015-03-04,26.2,26.1,26.1,25.3,4,410,10702
2015-03-06,25.9,25.9,25.9,26.1,3,201,5205.9
2015-03-09,25.6,25.6,25.6,25.9,1,4,102.4
2015-03-13,25.3,25,25,25.6,5,4089,102975
2015-03-16,25.6,25.6,25.6,25,1,92,2355.2
2015-03-17,25.1,25,25,25.6,4,250000,6250021.3
2015-03-19,25.9,25.5,25.8,25,5,1119,28867.6
2015-03-20,25.9,25.8,25.8,25.8,3,392,10114.6
2015-03-23,25.5,25.5,25.5,25.8,1,10,255
2015-03-24,25.7,25.1,25.1,25.5,6,651,16365.5
2015-03-25,25.1,25,25,25.1,3,2100,52531.6
2015-03-26,25.7,25.7,25.7,25,1,3,77.1
2015-03-27,25,25,25,25.7,2,542,13550
2015-03-30,25.7,25.7,25.7,25,3,250,6425
2015-03-31,27.9,27.9,27.9,25.7,1,1,27.9
2015-04-01,25.8,25,25,27.9,3,51,1275.8
2015-04-02,25.1,25.1,25.1,25,1,1,25.1
2015-04-07,25,25,25,25.1,1,561,14025
2015-04-20,25.2,25.2,25.2,25,3,101,2545.2
2015-04-22,25,24.2,24.2,25.2,3,214,5186.8
2015-04-28,25,24.5,24.5,24.2,3,300,7352.5
2015-05-06,26.9,25.5,26.6,24.5,2,5,133.1
2015-05-07,26,25.9,25.9,26.6,3,214,5552.9
2015-05-08,25.7,24,24.4,25.9,10,7715,188920
2015-05-11,24.5,24.3,24.3,24.4,4,1015,24674.5
2015-05-13,26,26,26,24.3,1,1,26
2015-05-14,25.9,25.9,25.9,26,1,1,25.9
2015-05-15,24.4,24.4,24.4,25.9,1,192,4684.8
2015-05-18,25.8,25.8,25.8,24.4,1,192,4953.6
2015-05-19,25.8,24.5,25.8,25.8,7,85,2147.5
2015-05-20,26,25.9,25.9,25.8,4,95,2460.8
2015-05-25,24.7,24.5,24.5,25.9,5,811,20031.5
2015-05-26,25.5,24.5,24.7,24.5,4,750,18455
2015-05-27,26,24.5,24.5,24.7,5,2596,67450.8
2015-05-28,24.5,24,24.1,24.5,4,600,14485
2015-05-29,24.2,24,24.1,24.1,7,1000,24073
2015-06-01,25,25,25,24.1,1,10,250
2015-06-03,25,23.8,23.8,25,8,575,13726.9
2015-06-04,24,24,24,23.8,1,100,2400
2015-06-05,24,24,24,24,3,437,10488
2015-06-08,25.8,23.5,23.7,24,5,215,5087
2015-06-09,23.2,22.8,22.9,23.7,12,860,19672
2015-06-10,25.7,25.7,25.7,22.9,3,14,359.8
2015-06-11,23,22.8,23,25.7,13,5624,129330
2015-06-12,22.8,22.8,22.8,23,5,1102,25125.6
2015-06-15,22.7,22,22,22.8,14,1416,31388.6
2015-06-16,23,23,23,22,4,1350,31050
2015-06-17,25.2,24.8,25,23,12,8975,224311.8
2015-06-18,24.9,24.9,25,25,4,14,348.6
2015-06-19,24.8,24.7,25,25,5,7,173.1
2015-06-22,24.6,24.6,25,25,1,20,492
2015-06-23,24.8,24.5,25,25,5,55,1358.7
2015-06-24,24.8,23.2,23.6,25,9,167,3986.2
2015-06-25,24.9,24.9,23.6,23.6,5,45,1120.5
2015-06-26,23.5,23.4,23.6,23.6,3,4,93.8
2015-06-29,22.6,22.3,23.6,23.6,2,20,447.5
2015-06-30,22.6,22.6,23.6,23.6,1,50,1130
2015-07-02,24,24,23.6,23.6,2,2,48
2015-07-03,23.5,23.5,23.6,23.6,2,3,70.5
2015-07-06,23,22.7,22.7,23.6,5,225,5145
2015-07-09,23,23,23,22.7,1,100,2300
2015-07-10,23,23,23,23,1,4,92
2015-07-13,24.8,24.8,23,23,2,11,272.8
2015-07-14,23.6,23.5,23.5,23,5,1850,43560
2015-07-15,23.3,23.3,23.5,23.5,1,1,23.3
2015-07-17,23.3,23.3,23.5,23.5,4,72,1677.6
2015-07-24,24.5,24.5,23.5,23.5,1,1,24.5
2015-07-27,23.6,23.6,23.5,23.5,1,1,23.6
2015-07-28,23.7,23.5,23.5,23.5,2,42,995
2015-07-29,24,22.8,23.9,23.5,2,105,2514
2015-07-30,24.8,23.5,23.5,23.9,5,865,20413.5
2015-08-03,26.4,24,25.4,23.5,32,7309,182958.6
2015-08-04,24.3,24.3,24.3,25.4,3,195,4738.5
2015-08-05,24.2,24.2,24.3,24.3,1,1,24.2
2015-08-06,24.5,23,23.2,24.3,14,10564,246010.6
2015-08-07,23.3,23.3,23.3,23.2,3,10100,235330
2015-08-10,23.1,23.1,23.1,23.3,2,174,4019.4
2015-08-11,24,24,24,23.1,2,300,7200
2015-08-18,24.2,24.2,24,24,1,50,1210
2015-08-19,23.7,23.7,24,24,1,1,23.7
2015-08-20,24,23.4,23.4,24,6,5670,132729.2
2015-08-21,24.4,24.4,23.4,23.4,1,1,24.4
2015-08-26,24.4,24.4,23.4,23.4,1,1,24.4
2015-08-27,24.5,24.3,24.4,23.4,5,9999,244365.6
2015-08-28,23.1,23,23,24.4,4,399,9182
2015-08-31,23,23,23,23,2,400,9200
2015-09-02,23.2,23.2,23.2,23,1,100,2320
2015-09-07,24.4,23.2,23.2,23.2,3,11,256.4
2015-09-08,24.3,23,23,23.2,8,2002,46047.3
2015-09-10,23.1,23.1,23.1,23,2,150,3465
2015-09-11,23,23,23,23.1,4,2478,56994
2015-09-14,23,23,23,23,2,900,20700
2015-09-15,23.1,23,23.1,23,2,279,6437
2015-09-16,23,23,23.1,23.1,2,11,253
2015-09-17,23,23,23,23.1,2,500,11500
2015-09-18,24.3,24.2,23,23,4,9,218.6
2015-09-21,23,22.8,23,23,2,65,1492
2015-09-22,23,23,23,23,1,100,2300
2015-09-25,20,20,20,23,1,100,2000
2015-09-28,23.9,23.9,20,20,1,1,23.9
2015-09-30,21,21,21,20,2,270,5670
2015-10-01,21,21,21,21,1,245,5145
2015-10-05,21.6,21.6,21,21,1,1,21.6
2015-10-08,23.8,23.8,21,21,2,51,1213.8
2015-10-09,21.8,20.1,21.6,21,5,1595,34403.1
2015-10-12,23,23,21.6,21.6,1,1,23
2015-10-13,23,22.5,21.6,21.6,2,51,1148
2015-10-15,20.5,19,20.2,21.6,12,1606,32507.5
2015-10-16,23,19,19.1,20.2,10,897,17105.5
2015-10-19,20,20,20,19.1,2,290,5800
2015-10-20,22.7,22.1,22.7,20,4,151,3427.1
2015-10-21,20.5,20.5,20.5,22.7,2,500,10250
2015-10-22,20.5,20.5,20.5,20.5,3,30,615
2015-10-23,22,20.4,21.8,20.5,21,7510,163735
2015-10-26,22,20.4,20.4,21.8,5,1030,21060
2015-10-29,20.4,20.4,20.4,20.4,2,391,7976.4
2015-11-09,20.5,20.5,20.4,20.4,1,5,102.5
2015-11-11,20.4,20.4,20.4,20.4,1,5,102
2015-11-16,19.2,19.2,19.2,20.4,5,1000,19200
2015-11-18,19.2,19.2,19.2,19.2,1,1,19.2
2015-11-19,20.5,20,20.5,19.2,6,53432,1095144.8
2015-11-20,22.7,20,20,20.5,3,1298,25965.3
2015-11-23,23.5,22.6,23.4,20,18,6430,150167.9
2015-11-27,20.7,20.7,23.4,23.4,1,50,1035
2015-11-30,20.5,20.5,20.5,23.4,1,100,2050
2015-12-01,20.5,20.5,20.5,20.5,1,180,3690
2015-12-04,22.9,22.9,20.5,20.5,1,10,229
2015-12-07,20.2,20.2,20.5,20.5,1,10,202
2015-12-22,20.4,20.4,20.5,20.5,1,1,20.4
2015-12-23,22.8,22.8,20.5,20.5,1,5,114
2015-12-28,20.5,20.5,20.5,20.5,1,248,5084
2015-12-29,22.7,22.7,20.5,20.5,1,5,113.5
2016-01-04,22.5,21,21,20.5,2,250,5325
2016-01-05,20.7,20.7,20.7,21,2,150,3105
2016-01-06,22.7,20,20.7,20.7,3,60,1228
2016-01-07,20.7,20,20,20.7,5,901,18031.2
2016-01-08,20,20,20,20,1,10,200
2016-01-11,20,19,19,20,4,1000,19290
2016-01-12,21.9,18,19,19,12,8249,149126.9
2016-01-14,21.9,18,18,19,8,7711,138970.9
2016-01-18,21.9,17.9,17.9,18,4,501,8971.9
2016-01-26,21.3,17.5,17.5,17.9,2,600,10503.8
2016-01-27,21.3,17.5,17.5,17.5,3,101,1771.8
2016-01-29,18,17.6,17.6,17.5,2,300,5282
2016-02-01,21.2,21.2,17.6,17.6,1,1,21.2
2016-02-02,21.1,17.7,17.6,17.6,2,2,38.8
2016-02-03,21.4,21,21,17.6,4,401,8421.4
2016-02-05,21.3,21.2,21.2,21,2,101,2141.3
2016-02-08,21,21,21,21.2,1,600,12600
2016-02-09,21.3,21,21,21,2,2,42.3
2016-02-10,21.3,21.3,21,21,1,1,21.3
2016-02-11,20,18,18,21,5,252,4538
2016-02-15,21.2,17.5,17.5,18,5,509,8922.2
2016-02-17,21.8,18.6,21.7,17.5,11,1518,31808.8
2016-02-18,20.9,19.8,21.7,21.7,4,5,100.2
2016-02-19,21.8,18.4,20.3,21.7,7,881,18074.4
2016-02-23,21.5,15.3,21.3,20.3,34,6398,116109.4
2016-02-26,20,18,20,21.3,3,1017,20319.3
2016-03-01,21,20.8,20.8,20,20,11571,242779.1
2016-03-03,18.8,18.5,18.6,20.8,2,100,1857.5
2016-03-04,20.5,20.5,20.5,18.6,1,100,2050
2016-03-08,18.7,18.7,18.7,20.5,1,100,1870
2016-03-09,18.7,18.1,18.7,18.7,2,35802,669496.2
2016-03-11,20.8,16,16.1,18.7,5,1005,16155.3
2016-03-15,17,16.9,17,16.1,3,999,16969.7
2016-03-16,21,17.9,21,17,12,4300,87451
2016-03-17,19,19,21,21,2,8,152
2016-03-18,19,19,19,21,4,400,7600
2016-03-24,22.2,22,19,19,3,22,484.4
2016-03-30,20,20,19,19,1,56,1120
2016-04-01,22.8,22.8,22.8,19,2,744,16963.2
2016-04-06,22.7,19,19,22.8,3,121,2376.7
2016-04-11,21.5,19.1,19.3,19,5,119,2298.5
2016-04-20,19.7,19.6,19.3,19.3,2,31,610.6
2016-04-25,19.4,19.4,19.3,19.3,2,97,1881.8
2016-05-04,19.4,19.4,19.4,19.3,4,500,9700
2016-05-05,21.9,19.5,19.7,19.4,6,269,5296.1
2016-05-09,19.9,19.9,19.7,19.7,1,93,1850.7
2016-05-10,22,21.5,21.9,19.7,3,320,7015
2016-05-11,21,21,21,21.9,1,2000,42000
2016-05-12,23,22.5,22.8,21,3,4950,112625
2016-05-13,22.8,22.7,22.8,22.8,2,71,1618.7
2016-05-16,22.6,22.6,22.8,22.8,1,1,22.6
2016-05-18,22.5,21.7,21.7,22.8,2,1001,21722.5
2016-05-19,21.7,21.7,21.7,21.7,3,1002,21743.4
2016-05-20,22.2,22.1,21.7,21.7,4,34,752.9
2016-05-24,22,21.6,21.6,21.7,5,7702,166384
2016-05-25,22,22,22,21.6,2,500,11000
2016-05-26,22,22,22,22,1,1,22
2016-05-30,22,21.8,22,22,5,1748,38296.2
2016-05-31,22.1,22,22,22,4,1502,33044.2
2016-06-01,21.9,21.9,21.9,22,2,515,11278.5
2016-06-03,21.5,21.5,21.5,21.9,1,300,6450
2016-06-06,23.5,23.5,21.5,21.5,1,10,235
2016-06-07,23,21.5,21.5,21.5,4,7501,161273
2016-06-10,21.6,21.6,21.5,21.5,1,50,1080
2016-06-13,21.5,21.3,21.5,21.5,3,3480,74784
2016-06-14,22.5,22.5,21.5,21.5,1,50,1125
2016-06-15,22,22,21.5,21.5,1,1,22
2016-06-16,22,22,21.5,21.5,5,5,110
2016-06-20,21.1,21.1,21.1,21.5,2,100,2110
2016-06-21,21.1,21,21,21.1,5,294,6174.4
2016-06-22,21,21,21,21,3,500,10500
2016-06-27,21,20.5,20.5,21,3,190,3900.3
2016-06-28,20.5,20.5,20.5,20.5,1,8,164
2016-06-29,20.5,20.5,20.5,20.5,1,2500,51250
2016-07-01,22.5,22.5,20.5,20.5,3,3,67.5
2016-07-05,22.4,19.6,22.2,20.5,13,160,3548
2016-07-12,21,19.5,19.5,22.2,7,1634,33163.6
2016-07-13,20,20,20,19.5,2,106,2120
2016-07-14,20.9,20,20,20,4,15202105,304042394.5
2016-07-15,21.9,21.9,21.9,20,2,1000,21900
2016-07-20,20,20,21.9,21.9,2,2,40
2016-07-21,21.5,21.5,21.5,21.9,2,2000,43000
2016-07-22,22,21.8,21.9,21.5,4,492,10775.1
2016-07-25,21,20,21,21.9,2,167400,3515000
2016-07-28,20.1,20.1,20.1,21,1,100,2010
2016-08-01,20.5,20.5,20.1,20.1,1,1,20.5
2016-08-02,20.3,20.3,20.1,20.1,1,1,20.3
2016-08-08,20.6,20.1,20.6,20.1,17,5909,120714.5
2016-08-11,21.3,21.2,20.6,20.6,2,6,127.6
2016-08-12,21.4,21,21,20.6,3,126,2648.4
2016-08-16,21.4,20.7,21.1,21,9,957,20107.9
2016-08-19,21,21,21,21.1,1,300,6300
2016-08-24,21,21,21,21,6,6311,132531
2016-08-25,21,21,21,21,4,5500,115500
2016-08-26,21.1,21,21,21,4,3400,71420
2016-08-31,20.9,20.7,20.8,21,7,9000,186400.6
2016-09-01,20.8,20.2,20.5,20.8,10,32000,655400
2016-09-05,24,24,20.5,20.5,1,2,48
2016-09-06,23.9,23.8,20.5,20.5,2,12,285.8
2016-09-09,23.5,23.5,20.5,20.5,1,5,117.5
2016-09-15,20.8,20,20.1,20.5,6,1109,22282.4
2016-09-19,20.1,20.1,20.1,20.1,6,2437,48983.7
2016-09-20,21.4,20.1,21.2,20.1,2,806,17110.6
2016-09-21,20,20,20,21.2,1,200,4000
2016-09-22,20,19,19.7,20,5,534,10501
2016-09-26,20,19.5,19.9,19.7,6,609,12100.1
2016-09-27,19.2,19,19.2,19.9,3,120,2300
2016-09-28,19,19,19.2,19.2,3,55,1045
2016-09-29,20,19,19,19.2,4,610,11691.1
2016-10-03,20.5,19.9,20.3,19,3,161,3268.9
2016-10-04,20.5,20.5,20.5,20.3,1,100,2050
2016-10-05,20,18.6,19.5,20.5,4,310,6060
2016-10-06,20,20,20,19.5,1,100,2000
2016-10-07,20,18.7,20,20,2,6,118.7
2016-10-10,20,19,20,20,6,982,19182
2016-10-12,19.1,19.1,19.1,20,4,1411,26950.1
2016-10-17,19.2,19.2,19.2,19.1,4,305,5856
2016-10-18,22.5,19.3,20.4,19.2,5,414,8430.2
2016-10-19,19.5,19.2,19.2,20.4,28,1574,30244.2
2016-10-20,21,19.2,19.5,19.2,15,3290,64103.4
2016-10-21,19.5,19.5,19.5,19.5,5,3120,60840
2016-10-26,19.5,19.5,19.5,19.5,1,100,1950
2016-10-27,19.5,19.5,19.5,19.5,1,100,1950
2016-10-28,21.1,19.5,20,19.5,25,112627,2252527.9
2016-10-31,21.5,20,20,20,3,745,14901.5
2016-11-01,20,20,20,20,1,80,1600
2016-11-02,20,20,20,20,3,8,160
2016-11-03,20,20,20,20,3,91,1820
2016-11-07,20,20,20,20,12,19000,380000
2016-11-09,21.4,18.2,19,20,6,1202,22839.6
2016-11-10,19.9,19,19.1,19,4,566,10822.5
2016-11-11,19.1,19.1,19.1,19.1,4,2750,52525
2016-11-15,19,19,19,19.1,3,261,4959
2016-11-17,19,19,19,19,3,132339,2514441
2016-11-18,19.5,18.5,18.5,19,2,487,9010.5
2016-11-23,18.3,18.3,18.5,18.5,1,10,183
2016-12-09,18.3,17.5,17.7,18.5,5,380,6803
2016-12-14,17.5,17.5,17.5,17.7,2,320,5600
2016-12-15,17.5,17.5,17.5,17.5,1,1,17.5
2016-12-20,17.1,17.1,17.5,17.5,2,23,393.3
2017-01-03,17,17,17.5,17.5,1,7,119
2017-01-11,18,17,17.5,17.5,2,6,103
2017-01-25,16.8,16.8,17.5,17.5,1,1,16.8
2017-01-30,16.7,16.7,17.5,17.5,4,20,334
2017-02-06,16.7,16.7,17.5,17.5,1,50,835
2017-02-08,16.7,16.7,17.5,17.5,1,10,167
2017-02-13,18.5,18.5,17.5,17.5,2,4,74
2017-02-15,19.2,18.5,18.9,17.5,12,269,5097.1
2017-02-21,18,17,17,18.9,3,1000,17001
2017-02-27,17.1,17,17.1,17,3,427,7281.7
2017-02-28,19,19,17.1,17.1,1,1,19
2017-03-03,19,19,19,17.1,2,110,2090
2017-03-07,16.6,16.2,16.4,19,2,500,8180
2017-03-09,16.5,16.5,16.4,16.4,1,6,99
2017-03-10,18,18,18,16.4,2,800,14400
2017-03-20,17.5,17.5,18,18,1,1,17.5
2017-03-21,17.5,17.5,17.5,18,1,999,17482.5
2017-03-22,17.5,17.5,17.5,17.5,1,60,1050
2017-03-24,16.5,16.1,16.1,17.5,9,10200,165855.8
2017-03-27,18,18,18,16.1,1,15274527,274941486
2017-03-30,17.8,17.8,17.8,18,1,100,1780
2017-04-04,17.8,17.8,17.8,17.8,1,2,35.6
2017-04-05,17.8,17.8,17.8,17.8,4,299,5322.2
2017-04-11,17.8,17.3,17.8,17.8,3,1331,23691.3
2017-04-12,17.8,17.4,17.8,17.8,2,21,365.8
2017-04-18,17.3,17.2,17.8,17.8,3,23,397.6
2017-04-20,17.3,17.3,17.3,17.8,18,400,6920
2017-04-25,18.7,17.9,18.5,17.3,30,18028,326098.3
2017-04-26,17.8,17.7,17.7,18.5,6,4000,70825
2017-04-27,18.8,18,18.2,17.7,5,275,5010
2017-04-28,19,18.7,18.8,18.2,12,4010,75434
2017-05-03,18.8,18.5,18.6,18.8,7,3801,70898.5
2017-05-04,19,18,18.1,18.6,13,1383,25065.6
2017-05-05,18.8,18,18.1,18.1,2,4,72.8
2017-05-08,18.8,18.3,18.3,18.1,2,1001,18318.8
2017-05-09,18.6,18.5,18.3,18.3,4,99,1833.4
2017-05-12,19,18.4,18.7,18.3,12,7449,139364.5
2017-05-15,20.5,19.4,19.9,18.7,25,11597,229955.7
2017-05-16,19.9,19.6,19.6,19.9,4,2032,39836.8
2017-05-17,19.1,19,19,19.6,9,10659,202581.9
2017-05-18,19.5,18.6,19.5,19,4,151,2899.5
2017-05-19,19.3,19,19,19.5,2,1018,19347.4
2017-05-22,19.5,19.3,19.5,19,4,1081,21057
2017-05-23,19.7,19.7,19.5,19.5,1,3,59.1
2017-05-25,19,19,19,19.5,1,600,11400
2017-05-26,19.4,18.7,18.7,19,4,591,11052.4
2017-05-29,18.5,18.2,18.2,18.7,3,560,10193.5
2017-05-30,19.6,19.6,19.6,18.2,3,210,4116
2017-06-07,19,19,19.6,19.6,2,2,38
2017-06-09,19,18,18.2,19.6,2,310,5628
2017-06-12,18.5,18.5,18.5,18.2,3,135,2497.5
2017-06-13,19.5,17,19.4,18.5,12,1973,36258.3
2017-06-21,17,17,19.4,19.4,1,1,17
2017-06-22,19.4,19.2,19.3,19.4,2,180,3466
2017-06-27,17.5,17.5,19.3,19.3,1,69,1207.5
2017-06-28,18,18,19.3,19.3,1,1,18
2017-06-29,19.3,17.5,18.7,19.3,9,1800,32646.4
2017-07-03,19.4,17.8,18.7,18.7,2,52,1005.6
2017-07-05,20,19.3,19.8,18.7,10,3200,63340
2017-07-06,20.4,20,20,19.8,6,20434,408770.2
2017-07-07,20.4,20,20,20,5,2033,40660.4
2017-07-10,20.4,20.4,20.4,20,3,102,2080.8
2017-07-11,20.2,20,20,20.4,6,5054,101100
2017-07-12,21.6,18,20.5,20,22,6830,138697.9
2017-07-13,22.1,20.5,21.3,20.5,21,11431,243207.9
2017-07-14,24.8,22.5,23.8,21.3,10,3701,87714
2017-07-20,22.5,21.3,22.1,23.8,8,3267,72301.8
2017-07-21,21.3,21.3,21.3,22.1,3,306,6517.8
2017-07-24,21.2,21.2,21.2,21.3,3,201,4261.2
2017-07-25,21.2,21.2,21.2,21.2,4,600,12720
2017-07-26,22,21.6,22,21.2,7,6590,144900
2017-07-27,22,21.9,22,22,7,5975,131429.7
2017-07-28,19,19,22,22,1,1,19
2017-08-08,21.6,19.5,19.6,22,11,1807,35360.8
2017-08-10,21.4,19.1,19.6,19.6,6,25,485.6
2017-08-11,21.5,20.4,20.9,19.6,12,2653,56568.1
2017-08-14,22.2,22.2,20.9,20.9,1,80,1776
2017-08-15,18.8,18.7,20.9,20.9,3,50,935.1
2017-08-17,18.9,18.9,20.9,20.9,1,21,396.9
2017-08-21,21.9,19.1,21.6,20.9,5,560,12096
2017-08-22,21.8,21.8,21.6,21.6,1,1,21.8
2017-09-04,20,20,21.6,21.6,1,50,1000
2017-09-06,20,20,20,21.6,2,1000,20000
2017-09-07,19,19,20,20,2,17,323
2017-09-08,21,20.5,20.9,20,5,180,3740
2017-09-11,22,21,21.3,20.9,6,651,14032
2017-09-14,22,19.5,19.9,21.3,3,170,3389
2017-09-15,24.2,21.9,23.5,19.9,82,49272,1170665.6
2017-09-18,25,24.4,24.9,23.5,7,11200,278618.6
2017-09-19,24.5,22,24.9,24.9,2,20,465
2017-09-20,22,22,22,24.9,2,190,4180
2017-09-21,22,22,22,22,2,2,44
2017-09-25,23,22,22.6,22,5,2085,47115
2017-09-26,23,22,22,22.6,21,5202,115637.8
2017-09-27,22,21.1,22,22,3,101,2221.1
2017-09-28,21.1,20.1,20.7,22,7,4151,86188.1
2017-09-29,23,20.1,21,20.7,6,4958,103984.4
2017-10-02,23.8,21.4,23.2,21,19,3526,81038.9
2017-10-03,23.8,22,22.4,23.2,20,15504,351094
2017-10-06,21.4,21.4,22.4,22.4,1,1,21.4
2017-10-09,22.9,21.7,21.7,22.4,4,1100,23990
2017-10-10,21.5,21.5,21.5,21.7,2,1500,32250
2017-10-11,22,20.9,21.5,21.5,6,1784,38343.6
2017-10-12,22.5,20.8,20.8,21.5,12,2338,48750.5
2017-10-13,20.7,20.7,20.8,20.8,1,1,20.7
2017-10-16,22.5,20.7,22,20.8,8,702,15443.2
2017-10-17,22.4,20.7,21.6,22,6,1309,27967.8
2017-10-19,20.7,20.6,20.7,21.6,7,1966,40692.2
2017-10-20,20.7,20.7,20.7,20.7,4,561,11612.7
2017-10-23,20.3,20,20.1,20.7,7,4747,95458
2017-10-24,21,20.1,20.2,20.1,2,320,6450
2017-10-25,22,21,20.2,20.2,2,51,1121
2017-10-26,21.5,20.7,20.7,20.2,2,4058,84036.6
2017-10-27,21,20.5,20.7,20.7,3,1362,28146
2017-10-31,20.5,19.6,19.7,20.7,7,1002,19788.7
2017-11-01,19.8,19.6,19.7,19.7,4,179,3522.4
2017-11-02,19.7,19.7,19.7,19.7,4,1000,19700
2017-11-06,21.5,19.6,19.7,19.7,2,2,41.1
2017-11-07,19.6,19.6,19.7,19.7,1,40,784
2017-11-08,19.6,19.6,19.7,19.7,1,29,568.4
2017-11-09,19.6,19.6,19.6,19.7,5,2274,44570.4
2017-11-13,19,19,19.6,19.6,1,3,57
2017-11-14,19.6,19,19,19.6,6,555,10552.2
2017-11-15,19,19,19,19,1,5,95
2017-11-20,19,19,19,19,3,351,6669
2017-11-21,20,20,19,19,1,1,20
2017-11-22,18.9,18,18.2,19,5,1600,29178
2017-11-27,20.9,19.7,18.2,18.2,2,4,80
2017-11-28,20.9,20.9,18.2,18.2,1,3,62.7
2017-11-29,18,18,18.2,18.2,1,29,522
2017-12-05,20,20,20,18.2,1,500,10000
2017-12-06,20,20,20,20,1,1,20
2017-12-13,20,19.9,20,20,20,1600,31974.4
2017-12-14,24,20.2,23.4,20,26,2433,53758.5
2017-12-15,22.9,22.9,22.9,23.4,2,200,4580
2017-12-18,20,20,20,22.9,3,187,3740
2017-12-19,22,21.9,21.9,20,3,300,6580
2017-12-20,21.9,21.5,21.9,21.9,24,2300,50323.6
2017-12-22,20.1,20.1,20.1,21.9,2,1809,36360.9
2017-12-27,20,20,20.1,20.1,1,70,1400
2017-12-28,20,20,20,20.1,1,116,2320
2018-01-03,21.4,21.4,21.4,20,5,500,10700
2018-01-04,21.4,21.4,21.4,21.4,1,100,2140
2018-01-09,18,18,18,21.4,1,100,1800
2018-01-10,21,21,21,18,1,100,2100
2018-01-11,20.5,20.5,21,21,1,1,20.5
2018-01-12,18.1,18.1,18.1,21,1,100,1810
2018-01-17,21.1,20.8,21.1,18.1,3,200,4189.1
2018-01-18,22.8,22.8,22.8,21.1,1,100,2280
2018-01-19,22.5,18.5,22.8,22.8,2,4,78
2018-01-24,18.5,18.5,22.8,22.8,1,5,92.5
2018-01-25,21,18.5,18.8,22.8,2,220,4145
2018-01-29,21,21,18.8,18.8,2,2,42
2018-02-01,21,18.2,18.8,18.8,3,22,456.4
2018-02-06,21.5,21.5,18.8,18.8,1,3,64.5
2018-02-08,21.3,21.3,21.3,18.8,3,1400,29820
2018-02-09,21.3,21.3,21.3,21.3,2,110,2343
2018-02-14,21.3,19.6,19.6,21.3,12,1996,39637.1
2018-02-15,19.7,19,19.7,19.6,5,4541,89436
2018-02-19,21,19.1,19.1,19.7,4,511,9779.1
2018-02-20,19.2,19.2,19.1,19.1,4,17,326.4
2018-02-21,19.2,19.2,19.1,19.1,1,1,19.2
2018-02-26,20.5,19,19.1,19.1,20,7568,145530.1
2018-02-27,19.5,18.5,18.6,19.1,4,585,10907.5
2018-02-28,19.5,19.5,18.6,18.6,2,17,331.5
2018-03-02,19.5,19.5,19.5,18.6,5,310,6045
2018-03-06,18.6,18.6,19.5,19.5,1,1,18.6
2018-03-07,18.6,18.6,19.5,19.5,1,9,167.4
2018-03-08,19.4,19.4,19.5,19.5,1,2,38.8
2018-03-12,18.2,18.2,18.2,19.5,1,500,9100
2018-03-15,18.2,18,18,18.2,6,740,13378
2018-03-16,19.4,17,17.5,18,8,3031,52909.4
2018-03-20,18.9,18.9,17.5,17.5,1,1,18.9
2018-03-26,18.5,18.5,17.5,17.5,1,10,185
2018-03-27,18.9,18.9,17.5,17.5,1,1,18.9
2018-03-28,18.5,18.5,17.5,17.5,1,2,37
2018-03-29,17.5,17.5,17.5,17.5,5,1402,24535
2018-04-03,18.5,17.5,17.5,17.5,4,561,9833.5
2018-04-04,16.9,16.9,17.5,17.5,1,1,16.9
2018-04-05,18.3,17,17,17.5,2,102,1736.6
2018-04-09,18.4,18.4,17,17,1,1,18.4
2018-04-18,18.3,17,17,17,2,305,5191.5
2018-04-23,18,18,18,17,7,660,11880
2018-04-24,18.3,18.3,18.3,18,2,538,9845.4
2018-04-26,18,18,18.3,18.3,1,5,90
2018-04-27,18,18,18,18.3,5,690,12420
2018-05-01,18,18,18,18,1,4,72
2018-05-02,17.5,17.5,18,18,1,50,875
2018-05-03,20.8,18,18.3,18,17,1276,24339
2018-05-04,18.4,17.6,17.7,18.3,5,673,11888.4
2018-05-08,17.9,17.7,17.7,17.7,4,333,5898.7
2018-05-09,18,17.7,17.7,17.7,2,300,5340
2018-05-10,18,17.5,17.5,17.7,4,201,3518
2018-05-11,17.5,17.5,17.5,17.5,1,100,1750
2018-05-14,17.9,17.4,17.4,17.5,4,251,4367.9
2018-05-15,17.4,15.3,17.3,17.4,5,641,10691
2018-05-16,17.2,15.7,17.2,17.3,6,415,6685.1
2018-05-18,16,16,16,17.2,3,7000,112000
2018-05-21,17.2,16,17.1,16,5,270,4508
2018-05-24,17,16.2,17.1,17.1,2,90,1478
2018-05-28,16.5,16,16,17.1,4,101,1617.1
2018-06-01,16,16,16,16,4,413,6608
2018-06-04,17.1,17.1,16,16,1,5,85.5
2018-06-05,16.5,15.2,16.1,16,7,118,1900.2
2018-06-06,16,16,16,16.1,4,15300,244800
2018-06-07,17,15.3,16,16,6,35,577.2
2018-06-08,16,16,16,16,3,19071,305136
2018-06-14,17.7,15.5,15.5,16,4,650,10202.5
2018-06-19,15.6,15.5,15.6,15.5,2,200,3110
2018-06-20,15.5,15.5,15.6,15.6,1,1,15.5
2018-06-21,15.5,15.5,15.5,15.6,1,1220,18910
2018-06-22,15.6,15.5,15.5,15.5,3,3,46.7
2018-06-29,17.6,17.6,15.5,15.5,1,2,35.2
2018-07-02,17.4,15.5,15.5,15.5,4,12,206.2
2018-07-03,17.4,15.5,16.7,15.5,4,171,2776.4
2018-07-04,17.4,15.5,16.7,16.7,2,12,189.8
2018-07-05,17.3,17.3,16.7,16.7,2,4,69.2
2018-07-06,16.5,15,15.5,16.7,5,300,4603
2018-07-09,15.1,15.1,15.5,15.5,4,10,151
2018-07-10,16.6,15.1,15.1,15.5,9,2321,35078.2
2018-07-11,16.9,16,16.6,15.1,8,285,4730.5
2018-07-13,16,16,16.6,16.6,1,10,160
2018-07-16,17.8,17,17.6,16.6,3,413,7257
2018-07-17,17,16.5,16.5,17.6,7,1222,20663
2018-07-18,16.5,16.5,16.5,16.5,1,59,973.5
2018-07-23,16,16,16,16.5,3,161,2576
2018-08-02,16.3,16.3,16,16,1,13,211.9
2018-08-03,16.5,16.3,16,16,12,13,214.1
2018-08-07,16.2,16.2,16,16,1,10,162
2018-08-08,16.2,16.2,16,16,1,1,16.2
2018-08-09,16.2,16.2,16,16,1,9,145.8
2018-08-14,16,16,16,16,1,10,160
2018-08-15,16,15.5,15.5,16,3,204,3164.5
2018-08-16,15.5,15.5,15.5,15.5,3,21,325.5
2018-08-17,16,15,15.9,15.5,4,143,2280
2018-08-20,16,12.5,12.8,15.9,5,1210,15862.5
2018-08-24,13,13,12.8,12.8,1,5,65
2018-08-31,12.9,12.9,12.8,12.8,1,18,232.2
2018-09-05,13,13,12.8,12.8,1,1,13
2018-09-06,13.9,13.1,13.1,12.8,3,201,2633.9
2018-09-07,13.9,13.9,13.9,13.1,2,199,2766.1
2018-09-11,15.8,14,15.8,13.9,3,105,1650
2018-09-13,15,14.9,15,15.8,2,101,1514.9
2018-09-21,15,15,15,15,1,25,375
2018-09-25,14.9,14.9,15,15,1,5,74.5
2018-09-26,14.4,14.4,15,15,1,20,288
2018-09-27,14.9,14.9,14.9,15,1,200,2980
2018-09-28,15,15,15,14.9,1,100,1500
2018-10-01,14.2,14.2,15,15,1,1,14.2
2018-10-02,14.2,14.2,14.2,15,5,819,11629.8
2018-10-04,15,14,14.2,14.2,5,1125,15975
2018-10-29,14.2,14.2,14.2,14.2,1,100,1420
2018-10-30,16.5,15.8,15.8,14.2,6,322,5089
2018-11-01,16.7,14.9,15.7,15.8,4,600,9411.7
2018-11-02,16.7,16.7,15.7,15.7,1,1,16.7
2018-11-09,16.5,15.5,15.5,15.7,2,201,3116.5
2018-11-12,14.5,14.2,14.4,15.5,2,1000,14350
2018-11-16,15,15,14.4,14.4,1,30,450
2018-11-19,14.9,14.9,14.4,14.4,1,30,447
2018-11-21,15,15,15,14.4,3,151,2265
2018-11-23,14.2,14.2,15,15,1,10,142
2018-11-26,14.9,14.2,14.2,15,3,223,3187.6
2018-11-27,14.1,14.1,14.1,14.2,2,104,1466.4
2018-12-05,14.1,14.1,14.1,14.1,1,25,352.5
2018-12-06,14.9,14.2,14.3,14.1,2,110,1569
2018-12-10,14.1,14.1,14.3,14.3,1,6,84.6
2018-12-11,14.5,14.5,14.3,14.3,1,75,1087.5
2018-12-12,14.1,13.9,13.9,14.3,3,104,1446.4
2018-12-13,14.5,14.5,13.9,13.9,1,10,145
2018-12-17,13.9,13.9,13.9,13.9,2,190,2641
2018-12-24,14.5,14.5,14.5,13.9,1,100,1450
2018-12-31,14,12.5,14,14.5,2,102,1425